Owner_name,City,Contruction_year,Acquisition_year,Number_of_rooms,Number_of_bathrooms,Surface_sqm,Initial_price_EUR,Current_price_EUR
Jennifer Myers,Cardiff,1902,1903,10,3,148.4,147745,4048559.21
Frank Campbell,Cambridge,1978,1981,5,1,132.6,774916,2117140.99
Sandra Ryan,Cardiff,1914,1919,1,1,168.3,147805,2524012.78
Linda Jacobson,Bradford,1939,1944,9,2,74.5,273133,2227582.07
Tami Moore,Bristol,1945,1946,4,2,43.8,51398,395154.75
Kerry Holmes,Bristol,1945,1945,7,3,154.8,230788,1827501.17
Xavier Brady,Cardiff,1937,1947,1,1,186.7,892263,6659428.15
Desiree Brown,London,1885,1890,5,3,59.7,241012,9698279.33
Scott Graham,Cardiff,1858,1859,2,2,72.1,448317,45101718.44
Catherine Buck,Leeds,1957,1958,1,1,62.8,57390,309489.69
Randy Howe,Bristol,1863,1863,8,3,96.0,511486,45718598.27
Kevin Wagner,Bradford,1895,1899,10,2,172.1,496998,15327736.36
Janet Reed,Manchester,1868,1868,1,1,117.1,603441,46527312.21
Amanda Knox,Leicester,1888,1891,3,2,149.3,229983,8985028.01
Samuel Sanchez,Liverpool,1912,1920,6,1,172.3,506870,8403165.26
Ricky Hughes,York,2007,2010,9,3,163.8,499712,579479.6
Michael Richards,Leicester,1944,1952,7,3,171.3,289119,1861517.55
Todd Davis,Cambridge,1940,1942,4,2,199.3,986541,8535782.83
Cody Schneider,Bradford,1937,1946,2,2,89.4,504803,3880618.81
Timothy Rodriguez,Bradford,1899,1900,10,1,74.8,316727,9483539.25
Edward Delgado,Cambridge,1938,1943,2,2,52.7,728514,6119587.14
Tina Curtis,Cardiff,1861,1868,3,2,69.0,232528,17928702.62
Felicia Reeves,York,1970,1976,8,1,181.6,721432,2284988.41
Rachel Torres,Leicester,1972,1982,1,1,152.4,348977,925748.87
Brittany Carter,Cardiff,1958,1961,8,2,46.7,208755,1030079.4
Rachel Tate,Cardiff,1992,2002,5,1,98.8,72756,106960.32
Cody Torres,Manchester,1990,1995,9,1,168.0,222011,401164.82
Sharon Soto,Oxford,1905,1906,6,2,119.5,389145,9758312.52
Valerie Coleman,Cardiff,1912,1917,8,3,51.6,184938,3350298.58
Hannah Wright,Bristol,2015,2016,10,1,39.8,344752,334775.21
Joseph Curtis,Cambridge,1919,1925,6,3,126.1,390197,5580132.66
Amanda Li,Cardiff,2015,2021,5,1,79.9,451009,377793.92
Ryan Reid,Liverpool,2010,2012,9,3,199.6,370875,405481.01
Mandy Pollard,Manchester,1978,1987,9,3,119.9,343544,786137.36
Mark Myers,Leicester,1964,1968,5,3,49.8,918154,3683598.3
Jeffrey Jenkins,Bradford,1921,1930,6,1,44.1,329045,4059058.42
Jeffery Johnson,Liverpool,1871,1876,6,3,159.4,771684,46969429.14
Kristen Kelly,Cardiff,1958,1959,8,2,115.6,846700,4432272.2
Michael Munoz,Liverpool,1915,1924,9,3,106.0,510808,7524068.77
Alex Patton,Oxford,1852,1855,6,3,123.7,529932,60003562.42
Christine Wright,Leicester,1969,1974,8,1,110.3,158670,533236.31
Richard Smith,Cardiff,1954,1958,5,2,76.2,480978,2593353.68
Martin Ward,Oxford,1932,1936,4,2,148.5,937244,9682788.21
Sandra Clark,Bradford,1976,1985,7,3,174.7,63425,154138.55
Denise Vega,Leeds,1976,1976,4,1,191.3,570996,1808562.56
Erik Bauer,Cambridge,1955,1959,5,2,79.3,185474,970972.86
Sara Zimmerman,Leeds,1863,1864,1,1,140.5,181166,15721772.18
Jasmine Ford,Liverpool,1987,1992,1,1,99.8,170344,336289.66
Jessica Kim,Leicester,1960,1966,5,2,199.1,142551,606928.89
Samantha English,Leeds,1883,1886,1,1,111.6,253656,11488178.22
Sheila Neal,Birmingham,1974,1984,10,3,57.6,321882,804817.02
Brian Young,Cardiff,1965,1973,6,3,187.4,445229,1540997.58
Courtney Smith,Birmingham,2011,2019,1,1,131.6,102667,91359.23
Michael Cruz,York,1957,1958,5,3,145.8,718073,3871746.63
Bryan Hill,Leeds,1918,1926,1,1,144.7,731765,10159929.02
Leah Williams,Liverpool,1961,1969,1,1,66.1,141664,551863.73
Joshua Caldwell,Cardiff,1917,1919,6,3,51.5,721736,12324076.25
Emily Keller,Birmingham,1861,1869,8,3,78.2,718402,53777809.86
Cheryl Ramos,Oxford,1909,1910,10,2,194.5,468918,10447548.59
Jacob Roth,Leicester,1897,1903,8,2,104.0,796344,21820878.32
Dennis Bell,Manchester,1920,1922,4,1,123.4,256281,4004913.24
Austin Moreno,Birmingham,1972,1973,6,2,147.5,730651,2528720.43
Alexis Pierce,Manchester,1895,1900,4,2,137.5,889718,26640091.15
Kayla Orr,Birmingham,1928,1937,10,2,154.4,593770,5955730.38
Brenda Cook,Leicester,1920,1928,7,1,131.2,858070,11229663.85
Omar Smith,Leicester,1905,1908,6,2,54.1,766496,18117338.36
Justin Allen,Leicester,1944,1951,4,2,45.0,202874,1345312.09
Melissa Orr,Manchester,1906,1911,9,2,153.6,51320,1110267.89
Carlos Coffey,Cambridge,1930,1936,3,3,141.1,99292,1025935.96
Rachel Torres,Cardiff,1861,1871,2,1,137.5,95745,6755936.6
Nicholas Randall,Bristol,1910,1910,10,2,119.8,979209,21816587.9
Kathryn Martinez,Oxford,2010,2015,1,1,188.6,122431,122621.07
Michelle Hanson,Liverpool,1960,1963,4,2,181.2,975873,4538872.96
Christie Jones,York,1867,1875,5,3,97.7,122764,7696418.99
Brianna Chen,Cardiff,1977,1984,8,3,139.6,364718,911989.81
Penny Ortiz,Leeds,1877,1878,8,1,130.5,958898,55014011.08
Crystal Johnson,Leicester,1931,1939,9,2,99.1,516870,4886752.51
Caroline Abbott,York,1884,1884,4,3,40.9,268923,12921288.46
Joshua Walker,Oxford,1979,1980,1,1,43.1,727504,2047136.26
Christina Hudson,Cambridge,2009,2018,10,1,178.2,441736,404452.54
John Martinez,Leeds,1986,1992,5,1,69.0,214571,423558.31
Samantha Bass,Leeds,1959,1965,10,1,70.6,526479,2308130.58
Shane Thornton,Liverpool,1944,1954,9,1,50.1,67291,408405.78
William Kim,Cambridge,1954,1962,3,3,31.6,306593,1468750.07
Dr. Jeanette Osborn,Oxford,1991,2000,1,1,196.6,863079,1344852.7
Steven Booth,Cardiff,1960,1960,6,1,120.2,148118,752886.95
Debbie Henry,Oxford,1916,1926,7,2,155.4,309533,4297700.02
Rhonda Webster,Leeds,1935,1935,2,2,174.3,136630,1454034.03
Ashley Bailey,London,1955,1958,10,3,110.8,243643,1313770.14
Jocelyn Hensley,York,1981,1981,5,3,176.9,602340,1645727.09
Rebecca Wilson,Leeds,1957,1967,9,1,139.5,275764,1139693.69
Michael Madden,Liverpool,1873,1875,8,3,109.9,395986,24825239.49
Stacy Henry,Liverpool,1954,1962,8,3,172.9,179403,859610.55
Tom Lara,Bristol,1938,1939,2,2,35.0,773894,7316669.58
Jessica Hughes,Leicester,1876,1881,9,3,188.1,590660,31011912.58
Anthony Perkins,Bradford,1912,1915,10,2,166.7,270082,5190790.67
Alexander Williams,Leeds,1930,1936,10,3,113.5,435562,4499914.35
Larry Garrett,Oxford,1893,1900,9,2,57.1,739900,22154158.01
Jeanette Ewing,Leicester,1883,1891,6,3,121.5,417042,16292938.99
Michael Carter,Oxford,1912,1919,10,2,83.0,472628,8070463.79
Marcus Dyer,Oxford,1861,1871,3,1,114.3,811546,57263037.35
Nicole Griffin,Cardiff,1859,1863,5,3,65.7,556734,49763000.68
William Collins,Oxford,1872,1873,3,1,187.8,706946,47019053.87
Mrs. Ashley Burns,London,1967,1973,1,1,152.1,240531,832554.29
Cynthia Schwartz,Birmingham,1914,1915,10,1,152.9,610733,11737628.61
Mark Decker,Liverpool,1967,1976,1,1,123.5,116487,369049.88
Kenneth Gray,Cambridge,1859,1864,4,3,90.5,950133,82452878.96
Johnny Castillo,London,2012,2015,5,2,141.0,179071,179218.9
Alexis Roth,Liverpool,1871,1871,4,1,117.9,923536,65165090.0
Teresa Brown,Bradford,1970,1977,3,3,118.6,889564,2735336.42
Jessica Walker,Leeds,1952,1959,3,3,136.5,950624,4976285.06
Anthony Smith,Cambridge,2007,2009,5,2,177.4,387220,462549.51
Michelle Payne,Manchester,1986,1995,5,3,168.1,950305,1716535.07
Kristen Sweeney,Leicester,1864,1865,5,2,62.7,67587,5694452.53
Anthony Bautista,Manchester,1901,1903,7,3,127.9,129815,3557229.42
Christopher Brown,Cambridge,1964,1968,10,2,150.0,843742,3385181.83
Emily Stevens,Leeds,1976,1982,8,2,145.4,980334,2600334.42
Melissa Shepherd,Cambridge,1857,1858,4,1,88.4,677996,70254152.59
Jessica Wilson,Cambridge,1927,1930,10,3,67.5,236311,2915154.32
Joshua Gaines,Leeds,1952,1961,5,2,63.9,142238,701902.07
Linda Stanton,Manchester,1885,1890,5,1,175.3,250824,10093231.23
Michelle Adams,Oxford,1923,1929,8,3,113.2,299598,3806762.25
Joseph Garza,Liverpool,1909,1911,8,3,185.6,558176,12073955.25
Pedro Moore,Bristol,1857,1858,7,2,127.4,100834,10448569.15
Tiffany Bush,Leeds,1892,1895,10,2,162.1,909040,31553848.36
Matthew Davis,Cardiff,1960,1963,4,1,43.6,595514,2769724.78
Jonathan Ramirez,Birmingham,1958,1966,9,3,75.2,320840,1365651.51
Nicholas Duran,Birmingham,1994,2001,10,2,164.6,174051,263445.0
Kelli Carrillo,Birmingham,1885,1895,9,1,152.7,682494,23690217.0
Kathryn Johnson,Leicester,1968,1976,5,2,119.0,369047,1168917.65
Bruce Haney,Manchester,1930,1936,9,3,162.8,439763,4543356.52
Jeffrey Gordon,Bristol,1949,1951,10,2,129.1,463724,3075117.97
Meghan Brown,Birmingham,1989,1998,1,1,68.1,462825,765046.26
Jason Fuentes,Liverpool,1863,1870,7,2,195.3,848797,61688322.33
Samantha Campbell,Cardiff,1885,1891,2,1,94.5,984358,38456529.16
Kenneth Curry,Leicester,1951,1952,6,1,166.3,926563,5965314.29
Michael Meadows,Oxford,1880,1884,5,2,105.0,540119,25951816.39
Mrs. Tracy Ford,Birmingham,1864,1868,2,1,63.5,257604,19862139.12
Seth Lewis,Birmingham,1998,2003,8,2,183.1,104201,148759.02
Willie Webb,Cambridge,1858,1858,9,1,194.3,220492,22847636.11
Cindy Yates,Liverpool,1965,1969,9,2,88.3,151325,589518.61
Melinda Taylor,Liverpool,1978,1982,4,3,60.8,451239,1196913.49
Joseph Powell,Bristol,1884,1891,3,3,78.8,398313,15561193.11
David Morgan,Oxford,1924,1931,5,2,85.9,310221,3715440.46
Hayley Pearson,Bradford,2004,2006,1,1,138.7,533541,696282.75
Melissa Aguirre,London,1932,1935,5,2,63.8,593712,6317704.03
Scott Reeves,Manchester,2013,2022,1,1,105.5,737501,599762.52
Dawn Gonzalez DVM,Cambridge,1987,1997,9,3,51.7,829807,1412756.22
Krystal Olsen,Birmingham,1936,1936,10,3,165.2,304302,3143925.99
Dr. William Woodard,York,1905,1907,3,1,101.0,784987,19111081.96
Patricia Fields,Bristol,1880,1883,6,1,178.9,545908,27016950.4
Michael Higgins,Manchester,1920,1927,7,2,31.2,822927,11092738.77
Travis Underwood,Oxford,1872,1874,6,3,67.3,676596,43689675.66
Tracy Sims,Oxford,1885,1892,7,2,153.6,171682,6511998.43
Connor Kelly,Leicester,1899,1907,6,2,113.0,965541,23506786.43
Travis Dominguez,Liverpool,1918,1922,5,1,70.9,846819,13232896.6
Carol Phillips,Liverpool,1892,1902,3,2,127.5,122476,3456790.67
Michelle Wright,Leeds,1969,1970,6,3,75.2,457499,1730161.98
Rachel Johnson,Oxford,1895,1895,3,2,73.1,495818,17210403.39
Julie Ortiz,Liverpool,1910,1915,4,2,109.3,892806,17158620.93
Hayley Palmer,York,1890,1899,9,1,161.5,785133,24213889.98
Nicole Black,Cardiff,1871,1878,4,3,101.7,251408,14423882.07
Benjamin Potts,Oxford,1986,1993,2,2,63.2,538427,1031743.42
Kathleen Barrett,Bristol,1972,1977,8,2,58.8,174734,537345.76
David Thomas,Cardiff,1950,1958,3,2,53.3,166962,900262.48
Benjamin Freeman,Leeds,1868,1876,5,3,93.5,529925,32254481.21
Steven Martinez,Liverpool,1916,1917,7,3,70.4,410337,7433496.42
Melissa Reed,Liverpool,1856,1866,4,3,178.7,278380,22771322.2
Brandi Anderson,York,1893,1897,1,1,47.1,389729,12751369.85
Michael Mendoza,Leeds,1989,1994,1,1,116.4,529086,984366.65
Sarah Ryan,Birmingham,1929,1929,3,1,156.5,161687,2054522.0
Sean Dixon,Oxford,1852,1858,10,1,136.2,128640,13329853.33
Stephen Cox,London,2014,2023,7,3,45.6,237091,187226.69
Paul Randall,Leicester,1885,1889,4,1,119.6,482827,20011737.24
Russell Singh,Birmingham,1865,1866,4,1,153.9,269655,22057594.49
Jennifer Moreno,Leeds,1882,1889,9,1,59.1,618159,25620746.17
Michael Hill,Leicester,1975,1975,2,1,179.2,898557,2931304.53
Cheryl Green,London,1984,1994,9,1,174.9,370389,689224.97
Jeffrey Marshall,Birmingham,1913,1921,7,2,189.8,954874,15369197.91
Amanda Henderson,Bristol,1933,1943,7,3,49.6,366812,3081287.49
Stacey Myers,Manchester,1927,1927,4,3,177.5,607819,8193310.37
Matthew Ingram,Bristol,2012,2015,9,2,150.7,554769,554941.25
Jennifer Landry,Liverpool,1975,1978,6,2,95.5,552216,1648601.84
Angela Jones DDS,Liverpool,1895,1895,1,1,147.8,815071,28292073.47
Mrs. Jennifer Davis,Bristol,1971,1976,3,1,128.9,681802,2159417.49
Robert Pruitt,Liverpool,1979,1985,1,1,161.7,474725,1152441.32
Steven Todd,Cambridge,1980,1984,5,3,149.9,378960,947589.61
Gregory Kidd,Bristol,2012,2013,3,3,180.3,494754,525079.31
Cynthia Henry,York,1968,1971,8,3,178.3,401859,1475592.93
Judith Smith,Birmingham,1964,1964,8,3,127.7,326724,1475446.27
Charles Roman,Cardiff,1996,2001,7,1,103.4,627767,949674.79
Virginia Brown,London,1954,1956,8,2,115.9,426394,2439108.4
Michael Simpson,Oxford,1934,1938,4,3,138.6,80412,783195.31
Tina Monroe,Leeds,1991,1992,4,2,65.4,680111,1342330.15
Joshua Compton,Bradford,1961,1961,2,2,58.3,290580,1433823.59
Jeffrey Herman,Leeds,1851,1861,2,2,113.8,673506,63866762.98
Deborah Morales,Leeds,1932,1937,5,1,74.9,663562,6655653.24
Ann Smith,Leicester,1978,1982,2,2,178.4,698941,1854006.12
Sheryl Curtis,Manchester,1999,2001,8,3,171.2,255160,386144.69
Travis Mosley,London,1980,1987,10,3,30.2,839129,1919923.84
Gabriel Mason,Liverpool,1940,1944,7,3,83.8,52706,429933.56
Breanna Smith,Cardiff,2002,2008,6,2,96.5,333933,410802.01
Jacob Perry,Leeds,1899,1905,9,3,68.6,134171,3465480.49
Steven Deleon,Bristol,1889,1895,5,1,85.5,467265,16219319.59
Benjamin Grant,Bradford,1983,1985,3,3,44.6,946701,2297943.65
Mary Harris,Oxford,1869,1872,5,2,199.6,513667,35189044.95
Christian Travis,York,2000,2001,4,1,45.9,621804,940588.27
Daniel Scott,Cardiff,1957,1957,9,2,32.3,339420,1884994.85
Danielle Kim,London,1937,1944,4,1,113.2,384880,3138946.1
Theresa Ramirez,Manchester,1928,1936,2,1,159.7,188127,1943696.21
Kevin Curry,Manchester,1860,1862,9,2,166.5,198944,18315994.39
Kim Smith MD,Liverpool,1926,1932,4,2,107.0,905076,10523969.79
Laura Fuller,Leeds,1880,1890,6,3,69.7,364777,14678549.83
John Howard,York,1957,1958,3,1,61.9,203745,1098599.07
Alyssa Lewis,Liverpool,1962,1971,2,2,83.6,137682,505571.3
Rebecca Ballard,Leicester,1887,1891,6,2,158.7,892698,34875672.87
Julie Navarro,London,1880,1887,8,3,83.6,489543,21525708.44
Kimberly Jones,Liverpool,1864,1872,2,1,118.1,100282,6869958.18
Cathy Rodgers,Birmingham,1985,1995,5,1,60.5,786415,1420427.45
Louis Robles,Bradford,1917,1922,2,2,95.0,327266,5114117.79
Erica Drake,Cardiff,1877,1884,1,1,112.1,278327,13373195.12
Keith Wilson DDS,Manchester,1996,1997,3,1,190.9,471649,803143.23
Jose Roberts,Cardiff,1973,1980,5,2,153.5,141855,399317.91
Kenneth Gallegos,Liverpool,1938,1941,4,1,120.6,887132,7905872.46
Ashley Knight,Bradford,1854,1858,7,3,197.3,232418,24083396.24
Ryan Arnold,Liverpool,1883,1890,9,3,100.6,401574,16159278.48
Jessica Johnson,Liverpool,1987,1993,2,2,99.6,239780,459542.49
Rebecca Ayala,Bradford,1980,1990,3,2,178.6,786594,1647137.84
Brandy Ward,Cambridge,1987,1989,10,2,195.7,101023,218081.4
Bernard Allison,Birmingham,1884,1890,3,2,100.0,911620,36683276.58
Andrea Anthony,Birmingham,1906,1908,10,3,54.7,269383,6367338.08
Richard Lewis,Liverpool,1903,1911,1,1,196.4,795272,17202519.34
Jose Jimenez,Oxford,1986,1993,10,3,69.9,543652,1041783.25
Malik Sanchez,Birmingham,2001,2001,2,1,42.2,787857,1191748.78
Andrea Bowman,Leeds,1933,1941,1,1,117.5,427802,3812509.94
Chad Morris,Bradford,1983,1984,8,1,164.9,76736,192022.94
Nicole Davis,Liverpool,1870,1873,9,1,41.7,624041,41504936.05
Anita King,Bristol,1975,1977,1,1,179.1,315526,970353.52
Christopher Johnson MD,Oxford,1992,1996,5,2,198.4,986910,1730756.81
Jose Patrick,Liverpool,1866,1871,3,1,107.9,528808,37312967.38
Cathy Sanchez,London,1891,1901,5,3,91.3,757176,22011131.05
Felicia Gordon,London,1877,1885,10,1,63.8,182612,8518692.84
Jennifer Cruz,Bradford,1924,1924,9,3,43.7,808849,11913993.36
Chelsey Charles,York,1972,1981,8,1,159.0,791527,2162557.48
Michael Boyer,London,1948,1950,7,1,77.7,399403,2728017.11
Joseph Johnson,Cambridge,1864,1874,4,2,109.9,669375,43223452.04
Matthew Bennett,York,1984,1985,1,1,47.1,685233,1663283.69
Kyle Gonzalez,Liverpool,1969,1969,3,2,166.6,681248,2653658.56
Elizabeth May,Leeds,1932,1941,4,1,99.6,502215,4475632.33
Robert Hester,Leeds,1925,1933,3,1,54.6,85733,967888.91
Stephanie Porter,Cambridge,2013,2013,5,3,137.5,427528,453704.73
Jennifer Rivera,Oxford,1912,1914,7,1,143.1,78902,1562042.57
Nicole Powell,Leicester,1898,1908,10,2,124.3,922049,21794140.96
Geoffrey Lee,York,1854,1863,8,2,31.7,96932,8664190.88
Penny Ortega,Liverpool,1883,1885,6,3,179.0,971355,45312612.76
Mark Russell,York,1926,1932,7,2,197.1,637048,7407547.32
Laura Hill,Cambridge,1961,1961,8,1,153.5,970632,4789382.83
Martha Robertson,Bristol,1994,1998,9,3,192.3,846243,1398929.52
Jonathan Harrison,Oxford,1902,1912,4,2,194.7,502515,10553386.86
Benjamin Bryant,Leeds,2013,2022,6,1,64.7,460105,374193.33
Nicholas Lambert,Cambridge,1986,1988,2,1,149.6,719402,1598156.92
Jennifer Hester,London,1860,1868,9,3,76.4,97243,7497837.68
Nicole Sanders,Cardiff,1898,1906,10,1,152.2,969404,24308902.04
Ian Robertson,Birmingham,1974,1977,9,3,192.2,902176,2774206.78
Sherry Ellis,Manchester,1982,1982,5,2,135.3,907588,2407381.85
Dustin Benson,Birmingham,1969,1973,10,2,64.6,53075,183762.06
Craig Garner,Liverpool,2001,2007,7,2,47.7,322076,408063.31
Betty Hardy,Cardiff,1863,1872,1,1,114.3,960214,65779714.18
Tanya Burnett,Bristol,1873,1875,10,3,42.6,844862,52966067.01
Johnny Ford,York,1949,1950,10,3,97.2,972631,6643173.77
Kristin Wilson,Cambridge,1855,1859,7,3,115.5,500699,50371506.74
Melanie Wallace,Leeds,1893,1896,9,3,125.3,752652,25364505.77
Donald Lee,Bristol,1880,1880,7,1,154.6,887645,48002748.48
Linda Gutierrez,Cardiff,1982,1984,1,1,144.5,341434,853756.99
Alison Hebert,Leeds,1901,1902,5,3,181.3,163571,4616681.1
Christopher Coleman,Liverpool,1850,1859,4,3,87.5,995016,100100796.64
Sandra Martin,Cardiff,1893,1901,3,3,45.7,877757,25516366.92
Mrs. Mary Martin PhD,Birmingham,1904,1911,6,1,121.5,52404,1133666.21
Tommy Jones,Leicester,1980,1982,3,2,168.7,786022,2084966.18
Joshua Lewis,Cambridge,1923,1927,6,2,145.6,805714,10860836.07
Riley Harris,Bradford,1922,1927,1,1,73.9,850308,11461863.73
George Jenkins,Birmingham,1998,2008,5,3,194.0,682862,840046.3
Anthony Douglas,Cambridge,1956,1957,3,1,176.3,298090,1655589.7
Erin Sanders,Birmingham,2013,2015,3,1,49.6,481748,481794.71
Kim Wang,London,1895,1902,8,1,37.8,211919,5981090.06
Susan Greene,Oxford,1897,1907,5,3,155.4,790843,19253706.33
Ryan Harper,Oxford,1930,1937,3,1,198.9,293057,2939575.89
Emily Reid,Manchester,2009,2015,2,1,155.9,194331,194492.23
Mark Schneider,Cardiff,1947,1947,6,3,69.7,328887,2454667.92
Herbert Johnston,Birmingham,1909,1913,1,1,127.7,931263,18987694.0
Alexis Tran,Cambridge,1905,1913,7,2,76.7,126427,2577822.8
Amy Ross,Cardiff,1872,1874,8,3,58.9,400699,25874268.71
Regina Harding,Birmingham,1931,1938,6,1,134.8,668325,6508248.36
William Nielsen,Leeds,1939,1943,8,2,156.3,658402,5530756.19
Lydia Wilson,Leeds,1995,2001,7,2,187.4,427682,647105.86
Jonathan Smith,Cambridge,1936,1945,10,3,126.7,347404,2750827.26
Andrew Murray,Cardiff,1998,2001,5,3,175.0,813018,1229945.35
Stephanie Valencia,Liverpool,1962,1965,9,3,182.4,458727,2011214.98
Michelle Gomez,Bristol,1915,1921,9,3,80.2,292756,4712096.22
Kevin Heath,Bradford,1968,1972,1,1,194.4,961799,3428544.51
Craig Jones,Manchester,1883,1885,1,1,166.7,137177,6399283.36
Jose Edwards,Manchester,1863,1868,10,3,117.5,875595,67511259.08
William David,Cambridge,1926,1928,9,3,197.0,387072,5065803.21
Alexandra Scott,Oxford,1993,1997,10,3,127.9,439091,747678.17
Katherine Hughes,Bradford,1967,1971,4,2,106.9,325732,1196020.38
Colleen Hood,Manchester,1904,1914,4,2,86.9,502573,9948624.18
Joseph Solomon,Liverpool,1944,1949,9,1,132.8,967947,6809549.91
Tony Hamilton,Oxford,1989,1999,7,1,55.8,510289,818936.65
Steven Young,Liverpool,1890,1891,8,1,173.6,975307,38103011.86
Stacy Wheeler PhD,Bradford,1853,1855,5,2,195.4,299607,33924262.2
Andrew Hurst,Manchester,1875,1876,2,1,135.5,502303,30573283.56
Lisa Heath,London,1918,1928,2,2,66.5,200075,2618440.85
Billy Turner,Bradford,1966,1974,1,1,67.9,134491,451947.77
Gina Thomas,Cardiff,1928,1932,7,1,128.7,716833,8335184.96
Laura Holden,Leeds,1936,1941,10,2,36.9,479782,4275671.69
Crystal Lozano,Bristol,1920,1922,9,2,157.8,773189,12082422.0
Patrick Rice,London,1913,1923,2,1,175.1,138936,2108019.67
Christian Melendez,Liverpool,1975,1977,6,3,80.5,833431,2562705.68
Debbie Gomez,London,1915,1918,7,1,84.2,673979,11853886.92
Daniel White,Cardiff,1883,1893,5,2,56.8,737698,27165716.66
Kristie Jones,London,1887,1892,7,1,151.4,885586,33590111.92
Robert Lamb,Bradford,1965,1966,8,2,87.3,674674,2871668.45
Scott Williams,Bristol,1997,2006,1,1,55.7,293909,383549.39
Fred Powell,Cambridge,1919,1927,7,2,172.7,486428,6557028.84
William Herrera,Bristol,1903,1913,3,1,171.5,135797,2768957.46
Julia Johnson,Birmingham,1960,1961,9,2,70.6,821460,4053270.28
Cynthia Hudson MD,Bradford,1864,1864,6,3,113.7,147385,12790237.23
Timothy Sullivan,Birmingham,1999,2008,5,2,177.8,608596,748678.68
Melody Wolfe,Leicester,1872,1875,1,1,72.2,654885,41056052.95
Robin Wise,Cambridge,1913,1918,2,1,136.9,651151,11452429.19
Eric Jacobs,Leicester,1954,1963,1,1,30.9,185430,862449.66
Lee Salazar,London,1962,1972,8,1,190.3,159408,568420.29
Michael Price,Cardiff,1975,1980,3,3,109.7,837766,2357467.55
Eric Green,London,1935,1935,9,1,152.3,836211,8898200.19
Megan Stewart,Leeds,1868,1878,9,2,189.9,181944,10438687.65
Donna Ward,Manchester,1999,2006,1,1,84.7,963832,1257661.56
Aaron Brown,Oxford,1896,1899,1,1,185.5,670096,20666120.65
Michael Lee,London,1924,1934,5,3,167.2,118829,1302549.65
Gabriel Martinez,Cambridge,1916,1925,7,3,104.6,759488,10861144.43
Ashley Moyer,London,1986,1991,4,3,144.8,205871,418651.62
Tyler Holmes,Birmingham,1862,1865,4,2,138.7,744987,62767289.01
Connie Colon,Liverpool,1922,1926,9,2,91.6,970670,13476835.4
Nicholas White,Leeds,1952,1955,10,1,166.2,706801,4164373.97
Amanda Hall,Leicester,1878,1888,6,2,163.0,427689,18258283.68
George Wheeler,Oxford,1931,1933,9,2,77.0,700609,7909220.29
Christine Bernard,Liverpool,1885,1889,1,1,164.0,274028,11357737.17
Denise Howell,Leicester,1913,1914,2,2,174.8,285145,5644679.73
Justin Roy,Leicester,2002,2007,5,2,74.5,933495,1182603.7
Edward Harmon,Leicester,1965,1969,5,1,107.9,777754,3029498.13
Stacy Garrett,Cambridge,1973,1978,2,1,34.6,656323,1959311.91
Michelle Bradshaw,London,2006,2016,9,2,83.5,108630,105575.31
Leon Howard,Oxford,1987,1993,3,3,73.5,991862,1900597.93
Brandon Johnson,Birmingham,1959,1960,8,3,156.2,174993,889521.14
Miranda Anderson,Manchester,1978,1984,4,1,65.0,383556,958986.79
Valerie Morse,Birmingham,1913,1922,5,2,95.1,386356,6037508.41
Manuel Hughes,Liverpool,1919,1924,9,1,87.0,350575,5163885.94
John Petersen,London,1962,1964,4,1,36.9,994101,4488830.06
Justin Cabrera,Oxford,1866,1870,1,1,94.8,763688,55502715.24
Austin Roach,Bradford,1967,1976,1,1,84.7,916810,2903656.7
Michael Buck,Leeds,1906,1906,8,2,146.4,252608,6334540.17
Cody Daniel,Cambridge,1854,1863,3,2,62.0,926561,82819479.08
Mr. Keith Mckay,Leicester,1956,1961,2,2,30.2,721449,3559746.88
Toni Williams,Oxford,1991,1992,3,2,184.4,145425,287195.93
Carl Mcdonald,Oxford,1850,1855,9,2,108.6,259407,29372414.8
Amy Andrews,Leeds,2001,2005,1,1,124.5,322862,434034.32
Melinda Harris,Manchester,1921,1927,5,3,48.1,521196,7025559.76
Frank Walsh,Manchester,1896,1906,10,1,175.6,677524,16989762.46
Kelly Hampton,Leicester,1955,1962,6,3,47.5,627420,3005653.61
William Ayala,Birmingham,1919,1921,10,3,157.5,941379,15151948.18
Lauren Wilson,Bradford,1871,1876,9,1,153.3,175828,10702102.47
Jared Reed,Bristol,1969,1970,10,1,178.0,226754,857699.31
Gloria Warren,Bradford,1866,1869,7,3,122.2,961944,72008781.51
Carolyn Reynolds,Leicester,2006,2007,4,3,65.6,610078,772901.69
Jose Patel,Leicester,1919,1928,10,3,140.0,93890,1228889.9
Destiny Parks,Bristol,1966,1969,2,1,120.7,318770,1241742.57
Amanda Palmer,York,1999,2000,1,1,62.7,314365,489844.15
Gina Salazar,York,1987,1991,2,1,51.0,134282,273016.53
Mrs. Mindy Patterson,Liverpool,1977,1978,6,1,126.3,245644,733447.57
Marissa Stewart,Bristol,1932,1941,9,3,144.2,180214,1606162.66
Katherine Turner,Manchester,1986,1991,6,2,174.3,700978,1425121.69
Julie Cooper,Bradford,1940,1949,4,1,137.9,726747,5112718.32
Brian Boyd,Manchester,1936,1943,9,1,157.7,71460,600437.34
Kenneth Hill,Manchester,1907,1909,8,1,113.8,176386,4047840.77
Mr. Stephen Wilkins,Oxford,1943,1946,6,2,54.0,722336,5552820.69
Barbara Walker,York,1887,1888,1,1,76.9,696765,29745071.79
Daniel White,Cardiff,1882,1882,7,2,63.5,609366,31062051.71
Ian Beltran,London,2014,2017,7,3,70.6,568717,536160.51
Melissa Smith,Leeds,1852,1856,5,2,159.9,359170,39483955.79
Jennifer Torres,Manchester,2006,2014,2,1,167.2,309740,319207.35
Emily Hill,York,1909,1918,4,2,31.9,725002,12751201.05
Anna Olson,Oxford,1940,1947,9,2,77.3,277663,2072384.49
Andrew Barnett,Cambridge,1935,1941,5,3,184.3,724093,6453002.04
Megan Bryant,York,1876,1880,9,2,139.4,99159,5362536.87
Wendy Long,Cambridge,2002,2002,9,1,84.5,351103,515709.57
Katherine Osborn,Birmingham,2009,2012,1,1,82.9,877344,958779.77
Christy Lewis,Cardiff,1866,1871,9,3,142.0,932015,65763402.37
Matthew Jones,Birmingham,1924,1932,9,2,100.3,337870,3928721.79
Henry Adams,Cardiff,2008,2010,6,3,55.6,830728,963102.22
Christian Morgan,Birmingham,1966,1966,7,2,57.9,900397,3832359.3
Megan Pierce,York,1910,1913,7,3,41.7,401990,8196251.54
Heather Soto,Bradford,1984,1986,8,3,81.5,966867,2278573.57
Kevin Clark,Bristol,1961,1963,9,1,131.3,584617,2719135.32
Katherine Benitez,Liverpool,1951,1956,10,1,84.0,814469,4658871.53
Cody Adams,Cardiff,1943,1950,9,3,175.4,922652,6301893.68
Laura Young,Bradford,1865,1868,2,2,174.2,212270,16366858.41
Leslie Smith,Birmingham,1972,1974,5,1,59.9,863894,2902657.47
Lisa Cline,Cardiff,1936,1940,4,3,182.4,871131,7996229.26
Troy Smith,Cardiff,1953,1956,6,1,98.8,282126,1613868.8
Brandy Smith,Cardiff,1857,1860,10,1,142.3,360939,35253781.31
Bethany Bailey,London,1894,1904,4,2,36.1,780450,20762426.59
William Clark,Liverpool,1872,1875,6,1,33.5,195277,12242322.69
Zachary Mcbride,Manchester,1887,1889,3,1,62.9,229782,9523781.39
Jamie Stafford,Manchester,1859,1860,1,1,185.4,486670,47534197.57
Heather Gardner,Oxford,1883,1889,3,3,192.1,444044,18404379.06
Chase Jenkins,Liverpool,1924,1930,1,1,166.2,881923,10879320.81
Mark Moody,London,1954,1957,1,1,189.2,167447,930092.6
Nathan Roth,Oxford,1895,1898,8,3,87.9,69161,2197041.97
Dr. Kimberly Brennan,Birmingham,1967,1973,4,3,149.9,682696,2362758.59
Robert Werner,Cardiff,1878,1888,4,1,121.4,813157,34713915.9
Henry Burgess,Oxford,1902,1906,10,3,46.6,80432,2016967.79
Jacqueline Jackson,Bristol,1995,1995,3,2,99.8,839358,1516084.73
Susan Wheeler,Oxford,1916,1921,7,1,56.7,235718,3794029.11
Jeremy Carter,Leicester,1987,1995,1,1,121.9,75150,135853.01
Matthew Lee,Oxford,1894,1894,7,2,101.5,101749,3637871.34
Michelle Nelson,York,1936,1945,5,1,94.7,645455,5110705.71
Cindy Lewis,Cambridge,1926,1933,2,2,167.7,709233,8006651.21
Jennifer Fisher,Bristol,1858,1861,9,3,170.6,269242,25531637.5
Kimberly Mclaughlin,Cardiff,1928,1932,4,3,80.2,862656,10030699.79
Jessica Baker,Cambridge,1980,1980,5,1,75.0,808117,2274006.71
Christopher Bradley,Leicester,1904,1907,7,3,66.9,175375,4269688.05
Kylie Wilson,London,1960,1961,7,1,34.4,191131,943106.35
Megan Simon,Birmingham,1987,1990,2,1,70.7,793249,1660958.31
Amanda Sullivan,Cambridge,1975,1979,6,1,105.2,879831,2550108.03
Tamara Jimenez,Bristol,1907,1915,5,1,194.8,892915,17160804.48
Carol Gates,Leeds,1970,1978,2,2,72.6,722612,2157234.93
Kayla Strickland,Oxford,1863,1865,6,2,60.9,891929,75147469.18
Sharon Hurley,Liverpool,2003,2012,5,3,117.5,167265,182909.83
Molly Weaver,Bradford,1957,1965,10,2,70.5,751357,3293977.46
Thomas Norman,Leicester,1989,1990,1,1,92.0,627038,1312979.19
Philip Thomas,Leicester,1859,1864,2,2,184.7,296531,25733219.55
Zachary Garcia,York,2000,2007,4,3,150.1,494540,626625.35
Kimberly Miller,Manchester,1968,1975,7,3,75.9,843925,2752995.22
Rebecca White,Birmingham,1902,1905,2,1,192.7,796500,20572385.09
James Ruiz,London,1956,1960,9,1,108.2,770798,3917442.48
Jessica Irwin,Leeds,1967,1970,8,1,86.7,768141,2904907.42
William Hughes MD,Leeds,1861,1866,8,3,136.4,231855,18965596.89
Rebekah Shields,Cambridge,1965,1972,9,3,141.9,655806,2337788.95
Anthony Hernandez,London,1995,1998,2,1,34.9,684849,1131994.73
Victoria Torres,Liverpool,2002,2011,9,2,83.9,631734,711121.18
Shelly Gonzales,Bristol,1939,1946,3,3,45.0,246013,1891201.84
Kimberly Parrish,Leeds,1911,1914,6,3,32.9,895474,17726127.46
Pamela Chambers,Cardiff,1981,1987,8,3,164.9,585346,1339401.81
Alice Moon,Birmingham,1889,1898,4,3,73.0,707842,22485014.07
Kara Davis,Oxford,1936,1943,9,1,188.6,131984,1108871.29
Erin Brown,Birmingham,1992,1997,3,1,139.6,724113,1232890.21
Jacob Bates,Cambridge,1975,1975,2,1,34.0,870202,2838665.02
Kelly Myers,Liverpool,1908,1908,1,1,177.5,270042,6383026.41
Robert Kane,London,1945,1950,6,1,199.9,445504,3042992.6
Gregory Stanley,Liverpool,1945,1950,8,3,63.6,992701,6780210.05
Kenneth Morton,York,1944,1954,1,1,125.6,657077,3987494.7
Ashley Donaldson,Liverpool,1863,1865,5,3,174.0,657867,55427246.46
Deanna Richmond,Oxford,1895,1898,8,3,142.8,770486,24475008.37
Eric Richards,Liverpool,1941,1950,9,1,169.3,812298,5548170.71
Joy Phillips,Manchester,1927,1930,5,1,104.5,773150,9537461.09
Jessica Weaver,Liverpool,1877,1880,3,1,129.9,481504,26039200.92
Jamie Rodriguez,London,2015,2023,4,2,66.0,74783,59117.7
Timothy Allen,Bristol,1959,1969,1,1,35.3,826552,3219487.76
Andrea Carson,Cambridge,1974,1979,9,1,45.7,935626,2711759.03
Annette Rodriguez,Birmingham,1987,1988,6,3,144.3,152817,339599.59
Darin Sosa,Manchester,1986,1995,1,1,167.7,229087,413934.1
Nancy Davis,Leicester,1963,1972,1,1,190.1,769102,2741670.92
Joseph Miller,Birmingham,1914,1923,5,3,145.7,350181,5312884.61
Victor Adams,London,2014,2021,3,3,184.6,528046,442421.15
Erika Floyd,Oxford,1892,1902,6,2,177.0,171097,4829099.42
Spencer Payne,Cardiff,1981,1982,6,1,63.9,648573,1720300.6
Samantha Cox,Bristol,2011,2012,4,2,82.1,380672,416062.44
Megan Sims,Cambridge,1870,1872,4,2,187.9,727922,49866601.22
Julian Smith,Bristol,1866,1867,3,3,128.4,752848,59788482.83
Darrell Valencia,Cardiff,1946,1951,4,1,170.6,851964,5649600.29
Michael Noble,Birmingham,1907,1911,5,1,70.9,135654,2934385.85
Patricia Brown,Oxford,1866,1869,10,1,104.5,711866,53288573.9
Julian Pruitt,Cardiff,1873,1881,3,2,40.6,563963,29610058.29
Adam Frost,York,1924,1934,4,1,126.1,680878,7462631.11
Chloe Dean,Cambridge,1911,1921,6,1,108.0,244935,3942422.74
Mrs. Adrienne Jordan,Leicester,1910,1920,2,1,41.2,761913,12631155.77
Joseph Williams,Cambridge,1982,1982,6,2,114.1,292632,776290.86
Michael Harris,York,1891,1895,8,3,137.1,311924,10827343.43
Jennifer Moore,Oxford,1928,1937,6,2,141.3,697955,7000675.39
William Huber,Bradford,1867,1867,2,2,166.2,322130,25582510.06
Theresa Harrell,Oxford,1960,1967,9,2,51.7,184670,763164.77
Michelle Chavez,Cardiff,1986,1994,8,1,118.4,606259,1127945.18
Natasha Lee,Oxford,1883,1883,4,3,111.6,364724,18050159.29
Lauren Hunt,Cardiff,1868,1874,7,2,32.8,307000,19823860.79
John Hill,London,1913,1922,5,2,139.4,879481,13743355.96
Terry Baker,Leeds,1901,1911,5,1,65.8,971052,21004653.51
Harold Weiss,Liverpool,1933,1943,4,1,95.9,743632,6246618.05
Kimberly Thomas,Leeds,1892,1899,6,1,190.9,51377,1584674.84
Erik Williams,Manchester,1862,1865,3,1,192.5,292664,24657929.87
Jason Ross,Leeds,1877,1887,4,3,154.3,871929,38339607.66
Kathy Morales,Cardiff,1975,1983,1,1,117.6,182625,470400.31
Christopher West,London,1907,1908,9,1,80.4,540108,12766348.82
Valerie Paul,Liverpool,1868,1870,5,1,156.5,831748,60449194.09
William Reynolds,Leicester,1938,1946,1,1,64.6,96710,743491.32
Julie Jordan,Liverpool,1931,1941,7,2,184.5,388005,3457925.77
Timothy Brown,York,1952,1960,4,1,36.6,787643,4002965.14
Dave Anderson,London,1910,1910,6,1,69.6,557364,12417969.08
Shelley Stewart,Liverpool,1955,1958,2,1,155.6,224278,1209393.98
Tracie Barnes,York,1937,1940,2,2,64.3,883060,8105612.84
Nicole Hines,Liverpool,2007,2014,1,1,94.4,353531,364238.57
Christopher Smith,Oxford,1859,1869,5,3,61.5,894548,66963613.22
Martha Dominguez,Leicester,1930,1940,9,2,55.5,146243,1342418.8
Jeffrey Thompson,London,1894,1894,4,3,151.6,820509,29335254.8
William Reed,Liverpool,1988,1990,2,1,157.8,749943,1570384.12
Amy Anderson,Birmingham,1853,1853,5,2,54.4,765929,92006645.76
Jeffery Smith,Bradford,1866,1866,3,1,61.7,134082,10967802.55
Ashley Ingram,Cardiff,1964,1970,2,2,54.0,184344,697180.9
Jessica Johnson,York,1961,1961,6,3,174.7,114758,566422.49
Hannah Jackson,Bradford,1950,1954,10,2,54.2,373588,2267138.46
Ronnie Callahan,Bradford,1861,1862,1,1,46.4,633912,58361261.79
Melissa Hernandez,Birmingham,1890,1895,8,1,154.1,198863,6902892.78
Linda Pena,York,1893,1896,8,1,34.7,178058,6000609.05
Marcus Herrera,York,1960,1962,5,1,124.4,607277,2909234.14
Kiara Porter,Cardiff,1889,1889,7,3,81.0,586507,24308898.59
Scott Solis,Manchester,1886,1891,2,1,159.0,263054,10277039.26
Andrea Montes,Manchester,2005,2005,6,2,104.8,79845,107430.77
Nicholas Schaefer,Bradford,1893,1898,1,1,187.6,496609,15775214.38
Rebecca Williams,Leeds,1965,1971,9,3,40.6,87440,321085.69
Robert Parker,Oxford,1881,1891,10,3,164.9,949389,37090455.9
Lisa Stewart,Oxford,1895,1902,6,2,116.9,998591,28183566.98
Luke Cruz,Cardiff,1909,1913,4,3,114.6,72282,1473886.27
James Camacho,Leicester,1984,1992,1,1,194.6,891035,1758739.04
Dr. Tracy Payne,York,1953,1953,3,1,185.9,853119,5332528.08
Lauren Ramirez,Leeds,1858,1860,7,2,149.7,706782,69032941.15
Crystal Ferguson,Liverpool,1902,1903,4,1,141.9,410009,11234886.05
Erik Miller,Oxford,1880,1880,8,3,64.8,779542,42156614.46
Dr. Gary Jones,London,1934,1942,9,2,116.6,552515,4780506.99
Yesenia Woods,Liverpool,1963,1968,9,2,149.1,961888,3859151.23
Alex Bennett,Leicester,1857,1864,2,2,137.1,934494,81095760.55
Gregory Keller,Birmingham,1905,1906,5,2,164.4,823436,20648624.5
Alicia Buchanan,Manchester,1956,1959,9,2,144.6,564103,2953029.72
Jenny Olson,Leeds,1934,1942,6,2,31.4,864509,7479797.38
Justin Johnson,Leeds,1951,1957,10,2,45.4,823186,4571538.41
Victoria Reese,Oxford,1952,1952,10,1,142.2,150431,968630.03
Michael Andrews,Leicester,1880,1883,8,2,182.2,908139,44943605.77
John Ballard,Bradford,1907,1909,10,3,140.3,537514,12335057.53
Natasha Cain PhD,York,1938,1940,6,2,120.7,981541,9009623.26
Gregory Barnett,Bristol,1882,1889,2,2,169.6,771317,31968742.84
David Quinn,London,1917,1921,1,1,49.1,613409,9873050.92
Steven Gonzales,Oxford,1890,1893,8,1,112.9,195072,7183632.37
Veronica Wiley,Leicester,1934,1936,4,3,150.6,596842,6166107.33
Michael Freeman,Liverpool,1900,1909,1,1,152.9,332390,7627864.46
Lindsay Evans,Leeds,1905,1906,3,1,139.1,465978,11684990.83
Peter Kelly,Bristol,1997,2003,2,1,159.3,633397,903227.79
Robert Sanchez,Leeds,1999,2004,6,2,45.4,832556,1152517.63
Michele Rodriguez,Birmingham,1863,1867,10,2,34.0,334366,26554148.2
Lauren Young,Liverpool,1944,1954,9,2,147.3,738007,4478656.28
Julie Freeman,Liverpool,1880,1882,3,2,92.8,684967,34915781.82
Daniel Rogers,York,1864,1869,8,2,84.2,54677,4093078.33
Tiffany Brown,Leeds,1923,1923,6,1,38.2,207482,3147833.26
Dana Pierce,Leicester,2009,2010,1,1,87.1,406284,471084.15
Daniel Jones,Bradford,1985,1993,9,2,190.1,102908,197384.94
Jeremy Khan,Bristol,1878,1881,4,1,113.8,833986,43787284.15
Grant Greer,Leeds,2014,2020,5,2,150.5,808667,697720.89
Kevin Jones,Oxford,1950,1959,3,2,149.9,246138,1288593.42
Amanda Long,Manchester,1915,1922,6,2,63.3,202900,3170697.55
Amanda Edwards,Manchester,1878,1882,8,3,35.3,688675,35104752.09
Caroline Smith,Oxford,1914,1922,8,2,157.2,849069,13268157.16
Timothy Rogers,Leeds,1955,1955,1,1,173.8,613914,3617111.99
Lisa Reyes,Cardiff,1993,1996,1,1,112.0,648164,1136667.5
Jose Crosby,Manchester,1983,1991,3,1,147.6,362086,736195.87
Eric Anderson,Liverpool,1955,1956,3,1,124.5,874245,5000807.58
Carla Lopez,Liverpool,1879,1882,6,3,113.8,276925,14116177.05
Christopher Jackson,Bristol,2012,2019,6,1,185.4,332392,295532.21
James Villa,York,1919,1921,8,3,38.5,719305,11577492.8
Anthony Hall,Liverpool,1858,1863,5,1,45.9,273909,24483048.86
Cheryl Williams,Leeds,1942,1951,2,1,162.6,509001,3375375.89
Timothy Reed,Birmingham,1853,1858,2,2,67.5,297059,30781369.86
Jason Mccann,Bradford,2013,2021,7,1,84.8,868952,727826.57
Daniel Sloan,Bristol,1970,1978,1,1,186.7,390403,1165622.47
Christopher Harrison,London,1853,1863,4,2,156.9,800095,71515592.13
Mark Lopez,Oxford,1936,1939,6,3,68.5,756026,7147776.73
Tara Young,Oxford,1946,1949,5,1,104.9,297442,2092586.11
Darrell Hernandez,London,1937,1946,7,2,182.8,654356,5030369.33
Jennifer White,Cardiff,1859,1868,2,2,130.0,447145,34476412.69
Kevin Hudson,Bradford,1944,1946,6,1,175.9,489601,3763844.92
Paul Lewis,Leeds,1953,1961,5,1,96.0,668855,3300325.31
Kayla Patterson,Leeds,1932,1940,1,1,177.8,540838,4964497.48
Kevin Martin,Oxford,1995,1997,4,2,105.8,231350,393964.08
Catherine Brown,Cambridge,1976,1984,3,1,50.4,169641,424173.29
Jeremy Mcgee,Cambridge,1973,1978,7,1,72.4,747651,2231989.59
Drew Campbell,Bristol,1910,1918,4,3,103.0,655510,11529073.65
Timothy Harris,Bristol,1885,1891,6,2,121.6,605463,23654079.07
Walter Clark,York,1994,1995,6,2,114.7,338781,611994.05
Amber Navarro,Liverpool,1911,1918,6,1,63.5,261300,4595760.23
Angela Fox,Cambridge,1969,1978,4,3,173.8,153375,458040.37
Micheal Ingram,Bristol,1959,1969,1,1,155.4,930352,3623927.89
Jeffrey Collins DDS,Leeds,1900,1901,7,1,70.9,362793,10546435.03
Evan Griffith,Liverpool,1874,1878,2,1,66.1,187083,10733400.32
Colleen Forbes,Liverpool,1876,1877,1,1,115.0,965785,57071375.83
Joshua Long,London,1958,1963,7,1,116.1,290750,1352367.96
Brian Pierce,Cambridge,1925,1927,6,2,155.9,947220,12768283.45
Andrew Morgan,Bristol,1878,1884,3,3,102.3,376566,18093407.01
Tiffany Lawson,Cambridge,1917,1917,7,2,160.6,79244,1435721.28
Mario Carroll,Bristol,1868,1874,9,1,149.5,887008,57276626.81
Carly Norris,Leicester,1949,1949,1,1,38.2,687850,4838978.85
Evan Robertson,Bradford,1951,1957,6,2,36.2,909313,5049822.39
Erik Price,Bradford,1993,2002,8,1,107.3,607818,892723.66
Amber Porter,York,2007,2012,1,1,110.1,764558,835570.47
Jeffrey Kim,Leicester,1954,1961,8,1,134.6,95883,473259.13
Derrick Stewart,Cardiff,1974,1977,10,3,64.6,143634,441721.39
John Wilson,Bristol,1864,1868,1,1,155.2,821380,63331127.12
Amy Martin,Leicester,1988,1992,6,1,139.6,484842,957026.46
Molly Mccoy,Liverpool,1920,1925,4,3,118.8,874354,12503804.0
Lee Campbell,Cardiff,1923,1923,4,3,164.8,256363,3889548.66
Stephanie Charles,Bradford,2000,2003,4,2,192.4,765684,1091881.79
Zachary White,Oxford,1951,1959,5,3,30.6,252543,1322008.27
Scott Cunningham,Oxford,1935,1937,3,1,81.7,609528,6113695.02
Roberto Smith,Liverpool,1929,1933,1,1,136.4,878180,9913836.6
Corey Martinez,Manchester,1921,1925,10,3,140.9,379132,5421919.66
Arthur Shelton,Oxford,1880,1887,5,2,155.7,998158,43890006.24
Jennifer Thomas,London,1949,1952,7,2,142.1,956293,6156697.17
Samantha Kline,Birmingham,1927,1927,1,1,85.6,848662,11439686.7
Daniel King,Liverpool,1958,1967,4,2,145.5,325090,1343511.46
Laura Harvey,Leicester,2007,2009,7,1,155.1,892596,1065980.28
Sheryl Reyes,Manchester,1918,1927,3,1,66.6,189073,2548697.62
Yvonne Gilbert,London,1951,1956,9,3,62.1,430659,2463458.47
Benjamin Young,Leeds,1893,1893,8,2,134.5,876044,32260379.95
Dave Caldwell,Manchester,1905,1915,3,1,84.3,945970,18180340.79
Andrew Willis,Leeds,1986,1987,3,1,50.5,462023,1057129.98
Tara Meyer,London,1864,1869,8,1,189.6,112626,8431086.96
Richard Lane,Liverpool,1906,1910,9,2,71.5,154618,3444933.08
Anna Brown,Leicester,2007,2007,2,1,49.6,466785,591371.82
Lydia Brown,Bristol,1932,1934,8,3,117.7,783265,8584807.65
Kyle Moon,Oxford,1897,1905,3,3,140.6,677853,17507884.27
Emily Weber,Leeds,2010,2011,5,2,183.9,239925,270235.14
Rick Davis,Cambridge,1911,1915,6,2,114.4,67991,1306828.78
Charles Boone,Leeds,1937,1946,8,2,198.2,509152,3914166.42
Tiffany Wright,London,1903,1909,8,3,84.9,686171,15746378.57
Lorraine Bailey,Cambridge,1875,1885,5,3,44.1,305482,14250378.82
Bryan Moreno,Bristol,1909,1918,4,1,61.1,155996,2743686.79
Michael Mills,York,1881,1882,2,2,180.8,787894,40162485.08
Michelle Parker,Leeds,1873,1882,1,1,99.2,552016,28138698.48
Mr. Jerome Davis,Liverpool,1926,1927,7,2,31.4,464844,6265929.36
Matthew Parker,Manchester,1974,1983,5,2,106.7,572895,1475376.5
Deborah Harris,Oxford,1995,1998,8,1,194.0,250739,414639.68
Arthur Campbell,Cambridge,1996,2005,10,2,118.1,53547,72101.52
Tammy Kaiser,Birmingham,1903,1913,1,1,86.6,487162,9932860.14
Daniel Johnson,Cardiff,1978,1981,2,2,151.4,855014,2335974.83
Crystal Ramirez,Cardiff,1963,1967,7,2,122.7,52063,215279.47
Karl Rojas,York,2002,2002,10,2,154.0,518257,761245.6
Suzanne Lee,Liverpool,1966,1969,5,1,189.7,972147,3786754.28
Jane Hurst,Bristol,1941,1941,6,1,125.8,543216,4841045.3
Timothy Martinez,Birmingham,1862,1862,5,3,105.4,109688,10098563.94
Jacqueline Miles,Bradford,1952,1958,9,1,34.8,423581,2283858.83
Tanner Owens,Leicester,1895,1895,3,2,62.4,388312,13478755.49
Gabriella Barker,Leeds,1945,1950,10,1,79.3,734071,5013786.84
Michael Wang,Leeds,2015,2025,2,2,152.4,273275,203500.56
Nicole Nguyen,Birmingham,1930,1930,8,2,55.6,922880,11384459.83
Robert Johnson,Liverpool,1912,1912,8,3,129.0,881821,18519027.54
Danny Harrell,Leicester,1923,1928,9,1,85.8,692141,9058117.34
Tommy Salas,Bradford,1920,1924,6,3,120.1,223921,3298365.69
John Johnson,Manchester,1931,1937,4,1,184.7,552614,5542944.11
Christina Perez,Birmingham,1944,1953,9,1,196.8,765600,4785526.31
Michael Merritt,Leeds,1907,1913,10,3,97.8,103626,2112945.4
Kimberly Sanders,Birmingham,1855,1858,2,1,190.5,593482,61496888.62
Helen Vargas,Leicester,1970,1972,7,1,93.2,984406,3509031.18
Paul Pennington,Bristol,1940,1942,8,2,148.2,154135,1333735.6
George Zimmerman,Oxford,1934,1940,4,2,55.0,819008,7517667.48
Julie Wyatt,Cambridge,1944,1949,3,2,69.6,429169,3019232.56
Diana Brown,Cambridge,1949,1950,8,1,89.2,754748,5155025.26
Jeremy Pierce,Leeds,1939,1947,2,2,198.9,824564,6154167.78
Kyle Kirby,Manchester,1893,1897,1,1,82.0,368824,12067435.5
Becky Clark,York,1947,1951,2,2,173.7,656834,4355682.98
Tonya Shields,Cambridge,1975,1985,6,2,127.3,558513,1355802.67
Lisa Smith,Oxford,1954,1954,8,3,143.6,529165,3211321.28
Michael Spencer,Leicester,1985,1991,2,1,33.4,775826,1577131.33
Jimmy Hanna,Bradford,1929,1931,5,3,58.8,152740,1829352.09
Jacob Horn,Birmingham,2011,2013,5,1,52.8,983234,1043169.47
Susan Hansen,Manchester,1927,1935,4,2,123.9,883818,9404744.72
Ryan Romero,Leeds,1963,1971,8,2,123.7,990859,3638037.49
Kenneth Martinez,Leicester,1874,1882,8,1,45.3,73975,3770882.02
Barbara Greene,Bristol,1955,1955,2,1,144.4,385930,2273902.39
Eric Garcia,Manchester,1973,1974,4,2,83.1,363411,1221120.59
Miguel Flores,Leeds,1892,1894,3,3,95.7,423849,15153682.24
Cassandra Mcdowell,York,1970,1979,4,1,162.9,397139,1151185.64
Carolyn Collins,York,1982,1986,2,1,199.5,689619,1625335.42
Daniel Brown,Liverpool,1915,1915,5,1,193.8,602426,11578016.61
Aaron Nicholson,Liverpool,1906,1910,1,1,109.0,848072,18894873.68
Danielle Johnson,Oxford,1883,1886,9,1,164.3,883553,40016257.49
Patricia Roberts,Leeds,1862,1868,3,2,182.3,813294,62707711.01
Lindsey Dillon,London,1948,1953,5,1,117.8,973418,6084385.97
Daniel White,Leeds,1857,1861,6,1,198.4,825178,78249463.13
Gabriel Smith,Leeds,1992,1995,2,2,189.1,700948,1266187.93
Mary Ibarra,Cardiff,1948,1952,6,1,34.6,783982,5047261.32
John Porter,York,1940,1949,3,3,106.0,375780,2643687.39
Lori Rollins,Leeds,1989,1990,10,2,94.7,927598,1942305.14
Kyle Vance,Leeds,1881,1882,5,1,167.4,165749,8449118.32
Ricardo Shelton,Leicester,1909,1918,6,1,99.9,978388,17207780.44
Kristen Blanchard,Bristol,2011,2021,6,3,42.2,90594,75929.06
Gloria Proctor,Oxford,1854,1856,4,2,133.1,970666,106706072.32
Vanessa Sosa,Leicester,1996,2004,6,3,47.9,956348,1323868.9
Noah Carson,Leicester,1937,1937,4,1,177.4,966185,9691074.01
Tammy Smith,Cardiff,1999,2006,6,1,149.2,437611,571142.43
Michael Gonzalez,Liverpool,1986,1995,8,1,146.6,553745,1000278.59
Jennifer Thomas,York,1898,1904,8,2,169.1,406347,10810276.86
Timothy Carson,Leicester,1934,1943,4,1,39.5,479867,4030946.01
Brittney Anderson,Manchester,1900,1904,3,3,154.9,928107,24690674.33
James Snyder,Cardiff,1988,1988,7,2,166.8,107515,239000.43
Brandi Wagner,Oxford,1891,1895,3,2,163.8,529917,18394107.6
Brian Hunter,Bristol,1868,1869,7,1,171.1,800900,59953484.99
Nicholas Clayton,Cardiff,1970,1971,5,3,79.3,140247,515000.5
Jeremy Ramirez,Oxford,1929,1939,5,2,107.3,340482,3219141.27
Tami Hill,Bradford,1994,2004,1,1,194.4,551558,763691.0
Nathan Lawrence,Liverpool,1960,1967,7,1,142.0,95224,393640.23
Mrs. Christina Webb,Bradford,1901,1909,8,3,151.2,887700,20371162.26
Steve Dennis,Birmingham,1887,1890,6,2,194.7,208835,8403629.71
Cathy Thomas,York,1974,1975,8,2,77.6,718107,2342595.58
Daniel Watts,York,1854,1859,5,3,76.5,607848,61150869.81
Douglas Melton,Cambridge,1941,1947,7,3,143.0,541392,4040724.75
Jack Castro,Liverpool,1923,1931,6,1,127.9,949212,11368304.44
Miranda Sullivan,London,1891,1896,5,2,103.4,851758,28704338.57
Shelly Lawson,Cambridge,1913,1922,9,2,154.6,822635,12855090.07
Brittney Byrd,Cardiff,1928,1931,1,1,128.1,983826,11782832.27
Claudia Pacheco,Bradford,2008,2015,4,1,52.1,271912,271971.79
Charles Sanders,Cardiff,1858,1867,9,3,43.0,710885,56455856.93
Justin Salinas,Liverpool,1981,1989,8,1,194.3,619588,1336415.46
Nina Smith,Cardiff,1988,1996,4,1,157.2,455060,798110.84
Joshua Beasley,Oxford,1991,1991,4,1,129.9,112197,228216.9
Sarah Mccall,Oxford,1869,1872,9,1,68.1,248245,17006152.39
Christine Stafford,Manchester,1871,1879,10,1,148.7,379674,21148362.34
Michael Walton,Cardiff,1891,1896,4,1,192.0,905505,30515713.11
Patricia Herrera,Bradford,1896,1905,4,2,98.0,482730,12468159.69
Christopher Johnston,York,1859,1865,8,2,35.1,692281,58326574.6
Lisa Townsend,York,1861,1870,2,2,58.2,439231,31922094.6
Sarah Davis,Cardiff,1938,1945,1,1,30.0,959033,7593478.07
Nicholas Hart,Cardiff,2015,2016,3,2,45.0,404665,392929.28
Kevin Smith,Bristol,2002,2009,7,3,173.9,183993,219876.3
John Miller,Oxford,1913,1919,8,1,174.1,800284,13665452.3
Daniel Schmidt,Manchester,1905,1910,7,2,108.4,207486,4622850.01
Thomas Crane,Leeds,1965,1972,5,3,62.8,479449,1709081.4
Sean Griffin,Bradford,1958,1959,4,1,91.8,835851,4375446.79
Amanda Thomas,Leicester,1954,1959,10,1,120.2,669524,3504839.77
John Raymond,York,1863,1865,8,2,125.0,805092,67831287.79
Deborah Jacobs,Bristol,1910,1914,5,3,82.2,440833,8726466.0
Heather Lane,Manchester,1944,1954,8,1,59.8,933749,5666397.79
Elizabeth Barnes,London,1995,2004,7,2,63.8,709530,982230.84
Jared Campbell,London,1924,1925,9,3,61.6,239793,3429227.36
David Hickman,Bradford,2004,2013,5,3,37.9,129776,137734.75
Casey Walker,Oxford,1962,1969,8,3,65.5,701512,2732507.56
David Smith,Cambridge,1873,1877,2,2,174.4,54883,3243377.14
Justin Martin,Liverpool,1889,1896,6,3,103.4,425825,14350418.4
Jennifer Dennis,Manchester,1924,1929,1,1,77.1,219583,2790062.21
Craig Morris,Bradford,1863,1871,9,3,47.0,862092,60829524.27
Elizabeth Garrison,Leicester,1904,1910,4,2,110.6,221290,4930377.85
Amy Simon,Cambridge,1931,1934,7,2,157.4,76010,833249.8
Brian Gaines,Liverpool,1954,1957,8,1,153.8,711301,3950314.31
Douglas Ramos,Oxford,1867,1867,7,1,64.9,350795,27858890.9
Alex Rush,Leicester,1875,1876,2,2,194.9,326986,19902500.05
David Rodgers,Leicester,1915,1920,10,1,194.0,79168,1312675.7
Jared Robertson,London,1959,1969,5,2,54.3,985490,3838585.62
Michelle Murray,Liverpool,1911,1921,5,3,175.1,413432,6654500.06
Scott Price,Birmingham,1903,1903,10,3,51.3,70642,1935749.4
Hannah Jenkins,York,1994,1997,3,2,41.4,305379,519935.37
Daniel Walton,Liverpool,1877,1887,3,2,150.1,805228,35406701.93
Benjamin Shepard,Bradford,1854,1863,4,1,39.4,279938,25021925.08
Jeffrey Gibson,Cambridge,1967,1974,7,2,186.5,796898,2677702.77
Nicole Wilcox,Bristol,1949,1959,8,2,81.5,639933,3349892.13
Sherri Newman,Manchester,1973,1981,9,2,164.6,382433,1044949.26
Yesenia Campbell,Bristol,1932,1936,4,2,80.3,396800,4099418.07
Steven Lloyd,Liverpool,1953,1954,9,1,158.7,84975,515834.91
Arthur Harris,Cambridge,1855,1860,6,2,109.7,156786,15313718.79
Michelle Lee,York,1860,1862,7,1,113.3,341680,31456953.68
Kaitlyn Mclaughlin,York,1937,1945,10,1,189.0,264934,2097909.49
Caroline Weiss,Bradford,1988,1992,5,1,53.8,368581,727486.58
John Brown,Bradford,1895,1903,10,3,126.6,347259,9515459.42
Melinda Downs,London,1913,1921,10,3,140.8,252785,4068802.03
Kyle Perez,Leicester,1941,1951,3,1,89.3,586102,3886577.17
Seth Wright,London,1884,1891,4,1,190.6,405218,15831070.69
Julie Hughes MD,Leeds,1877,1885,2,1,130.1,554194,25852548.83
Felicia Ramirez,London,1865,1866,3,1,73.8,679215,55558994.28
Julie Willis,Birmingham,2011,2019,5,1,48.6,509558,452795.76
Sydney Martin,Oxford,1852,1860,3,3,49.7,569537,55627843.79
Rachel Mckee,Cardiff,1999,2004,4,2,53.7,740300,1024813.61
Danielle Graham,Oxford,1966,1970,9,3,88.0,62972,238250.16
James Serrano,York,1916,1923,5,2,198.2,665192,10092079.25
Michael Jones,York,1967,1973,10,3,31.8,51607,178642.35
Sarah Moore,Leicester,1893,1893,4,1,42.6,764800,28163727.46
Lisa Fowler,Birmingham,1988,1995,9,2,171.9,235312,425188.82
Brian Porter,Cardiff,2013,2023,5,1,131.6,494321,390355.54
Jennifer Graham,Manchester,1882,1885,3,2,165.5,806885,37640271.69
Sandra Bridges,Liverpool,1888,1889,1,1,117.2,728011,30173789.63
Carol Morgan,London,1891,1900,6,3,105.8,956853,28650206.76
Amanda Porter,Cambridge,1969,1975,10,3,55.4,73513,239868.27
Julie Peters,Leicester,1912,1920,2,1,186.8,705428,11694882.62
Gary Griffith,London,1878,1885,1,1,112.9,795414,37105115.43
Robert York,Birmingham,1892,1899,9,2,167.9,103398,3188999.83
Daniel Johnson,Leeds,1933,1937,6,1,113.9,757139,7594277.04
Christina Anderson,Bristol,2006,2012,5,2,112.4,547517,598404.44
Jeremy Wood DDS,Bradford,1906,1915,3,1,177.4,447574,8601934.8
Joseph Bailey,Manchester,1912,1913,6,2,103.6,946759,19303621.3
Julia Vasquez,Bristol,1911,1916,6,1,104.7,469256,8755899.66
Rhonda Chambers,York,1959,1959,2,2,185.9,98033,513348.06
Michelle Evans,York,1891,1895,1,1,50.3,740469,25702463.48
Annette Foster,Bradford,1961,1966,5,1,35.4,604794,2574185.29
Michael Stephens,York,1991,2001,1,1,61.6,463338,700896.92
Kayla Perry,London,1856,1858,4,2,122.6,919082,95235554.5
William Wiggins,London,1916,1925,8,1,134.3,407559,5828432.02
Bradley Lawrence,Cardiff,1882,1887,1,1,77.4,592704,26061767.53
Ronald Harris,Bristol,1860,1866,4,2,57.1,598331,48942776.46
Leslie Sanders,Leeds,1906,1913,8,1,132.5,903822,18428209.98
Amber Underwood,Cardiff,1892,1900,8,1,83.6,298506,8937969.23
Matthew Ortiz,Manchester,1865,1873,6,3,134.6,821637,54647086.84
Mary Sanders,Oxford,1850,1852,8,2,153.6,720571,89154906.42
Larry Sampson,York,1887,1888,6,3,76.9,258782,11047525.52
Craig Guerrero,Leicester,1974,1984,1,1,108.8,922793,2307160.55
Sharon Clark,Liverpool,1977,1985,8,1,128.0,561221,1362378.09
Cindy Adams,Cambridge,1949,1952,1,1,82.9,591791,3809988.78
Belinda Thompson,Leeds,1860,1863,5,2,104.4,471525,42146747.44
Michelle Smith,Cardiff,1982,1985,5,3,44.6,495903,1203733.98
James Dunn,York,1901,1903,8,2,112.5,62258,1706070.36
Matthew Conrad,Oxford,1946,1948,3,1,84.7,214536,1554593.33
Scott Harris,London,1952,1956,7,3,122.4,296936,1698607.32
Jonathan Bryant,Manchester,1858,1858,9,3,140.6,186401,19315061.42
Joseph Santana,Birmingham,1930,1930,2,1,149.7,606573,7482660.4
John White,London,1923,1925,2,2,155.0,895137,12801044.54
Brandon Elliott,Leicester,2010,2012,3,3,79.3,868901,949562.96
Joseph Wallace,Cambridge,1918,1918,4,1,142.1,586665,10318273.53
Justin Cuevas,Cardiff,1944,1950,2,2,164.0,296000,2021848.68
Zachary Jones,Cardiff,1903,1904,5,2,185.4,845179,22484567.01
Michelle Alvarado,Birmingham,1898,1900,2,2,184.7,632932,18951443.85
Candice Wood,London,1890,1892,3,3,105.5,327717,12430292.78
Danielle Young,Bradford,1927,1930,9,1,139.9,938427,11576320.33
Michael Bridges,Birmingham,1914,1914,9,2,43.4,844196,16711086.54
Andrew Wu,Manchester,1947,1949,10,3,41.0,954001,6711336.72
Marie Lindsey,London,1873,1878,4,2,91.1,493253,28299006.4
Robert Hawkins,Oxford,1968,1968,1,1,103.3,615667,2470106.0
Carl Turner,Cambridge,1970,1971,10,2,160.0,582614,2139216.48
Christopher Welch,Bristol,1886,1894,1,1,83.4,750532,26833351.16
Brandon Baker,York,1956,1966,7,2,122.0,191147,813701.68
Jennifer Contreras,Leeds,2004,2013,9,2,119.1,640190,679313.26
Renee Lopez,Bristol,1996,1997,4,3,195.6,655309,1115830.1
Ronald Keith,Manchester,1929,1936,3,1,152.9,697278,7203708.04
Blake Mcgee,Cardiff,1869,1871,4,2,177.9,757949,53481279.35
Leslie Bailey,York,1983,1990,2,1,111.4,862300,1805578.88
Ashley Ellison,Bradford,1960,1964,5,1,111.1,937349,4232640.95
Brandy Gutierrez,Leeds,1906,1913,3,2,151.6,895084,18250068.12
Michael Bryant,Leicester,1852,1858,9,3,84.2,733679,76024042.85
Robert Mcneil,Leeds,1886,1889,3,1,132.2,143313,5939993.2
Erin Ward,Cardiff,1885,1887,4,1,118.5,956302,42049526.31
Joseph Mcintyre,Leeds,2007,2014,9,2,197.6,250965,258714.21
Jason Skinner,Bristol,1974,1982,1,1,73.7,312333,828488.53
Raymond Potter,Cambridge,2003,2013,6,1,48.0,875447,928815.17
Christian Ellis,Bradford,1949,1954,9,3,154.5,660804,4010157.98
Shannon Graves,Liverpool,1851,1856,8,2,164.4,629029,69149742.95
Jennifer Berry,Bradford,1938,1940,9,2,75.6,480136,4407230.45
Kathryn Ramos,Leeds,2012,2020,3,1,168.2,241153,208194.37
Kelly Kramer,Birmingham,2015,2022,9,3,119.8,139156,113274.68
Robert Edwards,Birmingham,1891,1898,3,2,136.2,439629,13965167.37
Amanda Allen,Leicester,1918,1925,8,2,34.8,352387,5039351.47
Natasha Bell,Leeds,1886,1887,5,3,129.6,180031,7916249.08
Donald Davis IV,Cardiff,1919,1923,4,1,190.3,600614,9112327.4
Jason Mcbride,Liverpool,1885,1889,3,2,191.5,576433,23891458.9
Timothy Morris,London,1945,1953,5,3,155.7,503222,3145504.9
Latoya Kelley,London,1942,1942,6,2,54.9,682337,5903659.56
Tiffany Gutierrez,Cambridge,1851,1852,3,1,153.1,873268,108047762.88
Robert Parks,Manchester,2007,2013,8,2,63.7,230677,244810.81
Tina Stevenson,Cambridge,1856,1856,5,3,145.8,374124,41127836.0
Brian Mcfarland,Manchester,2014,2022,6,3,183.0,448624,364973.66
Lisa Kelly,Bristol,1946,1956,9,2,53.9,459644,2629237.46
Sherri James,London,1997,2003,8,3,149.2,983212,1401988.47
Megan Bailey,Liverpool,1924,1933,6,1,114.4,708572,7999135.21
Nathan White,Leicester,1883,1887,6,3,91.9,230705,10144387.22
Michael Adkins,Manchester,1930,1933,2,1,61.5,757379,8550049.85
Brad Cochran,Oxford,1979,1985,3,3,116.7,158015,383669.19
Jessica Garza,Oxford,1888,1888,1,1,174.1,489069,20878604.32
Lisa Black,Cardiff,1874,1884,7,1,58.5,384532,18476119.6
Jesse Oconnor,Manchester,1988,1988,8,2,144.9,391973,870854.96
Aaron Mendoza,Leicester,1992,2002,2,2,91.6,881349,1294396.28
Ariana Alvarado,London,1906,1915,5,2,185.5,667380,12826326.99
Ashley Foster MD,Leicester,2007,2017,7,1,89.1,486639,458816.62
Mackenzie Thomas,Leeds,1897,1903,2,1,163.4,712670,19528156.91
Christine Hunter,Birmingham,1864,1865,7,1,109.8,154255,12996522.99
Teresa Smith,Bradford,1852,1860,4,3,105.2,221239,21608953.47
Jenny French,Bradford,1939,1947,2,2,64.1,817226,6099270.18
Rachel Mccormick,Bristol,1900,1909,4,1,46.7,667422,15316080.65
Cassandra Lee,Liverpool,1929,1934,7,3,152.3,708769,7768364.41
Richard Ross,Manchester,1954,1955,7,3,31.5,95189,560862.55
Matthew Winters,Birmingham,1917,1921,5,3,83.8,147281,2370630.21
Jenny Solis,Leicester,1916,1926,4,1,190.1,55236,767090.95
Jaclyn Smith,Birmingham,1942,1944,8,2,90.7,413725,3374190.63
Edward Long,Leicester,1947,1948,1,1,185.5,838883,6078675.95
Jodi Patterson,Birmingham,1876,1883,10,1,97.0,124143,6143893.39
Valerie Cabrera,Leeds,1940,1947,3,2,198.6,976535,7288385.03
Michelle Martinez,London,1853,1855,8,3,141.9,441755,50019439.02
Darrell Oliver,Leicester,1953,1955,4,2,199.1,391799,2308522.07
Karla Nelson,Leicester,1988,1996,9,1,148.5,247461,434084.75
Mr. Brian Lewis MD,York,1923,1932,3,3,121.6,421098,4896485.05
Andrew Williams,London,1900,1903,10,1,80.9,971454,26619082.65
Jessica Ortiz,London,1907,1915,10,2,135.2,956124,18375541.77
Brenda Perez,Cambridge,1927,1937,7,2,179.3,312240,3131975.74
David Rodriguez,Leicester,1972,1982,9,1,144.1,843447,2237262.02
Justin Mullins,Cardiff,1959,1966,4,2,179.7,559890,2383193.4
Mario Rivera,Bradford,1863,1868,2,1,97.1,157121,12114613.87
Patrick Jackson,Bristol,1861,1869,1,1,146.5,837401,62685824.5
Melinda Soto,Manchester,1924,1932,9,2,144.0,421779,4904437.98
Travis Fitzgerald,Oxford,1861,1868,4,1,31.7,956402,73741635.86
Elizabeth Martinez,Bradford,1935,1943,4,2,47.1,62172,522300.69
Melanie Jefferson,Cardiff,1931,1932,4,2,83.0,373429,4342166.78
Mary Barnett,Cambridge,1883,1891,4,2,127.5,459360,17946196.59
Todd Myers,Liverpool,2013,2023,4,2,35.9,94992,75030.32
Charles Harvey,Oxford,1864,1867,3,1,101.2,951016,75526215.33
Mr. Justin Berry,Bradford,1867,1867,3,3,80.7,767577,60958164.62
Yvonne Flores,Oxford,1980,1987,4,3,181.5,605441,1385402.85
Jordan Cooper,Birmingham,1877,1884,10,1,184.0,272385,13087784.76
Gail Davis,Cardiff,1897,1906,7,2,171.8,775275,19440943.85
Joshua Hall,London,1958,1967,3,2,39.7,124477,514412.01
Matthew Morgan,Leeds,1975,1977,6,3,166.6,817571,2514029.58
Roberto Hernandez,Leicester,1954,1957,1,1,72.1,57489,319325.62
Steven Ortiz,York,1878,1887,10,3,132.5,309261,13598619.85
Alexis Tran,Leeds,1948,1953,1,1,69.9,859188,5370344.23
Edward Wolf,Bradford,1905,1912,2,1,168.1,618217,12983180.87
Norma Watts,Cardiff,2012,2012,4,2,57.2,350338,382881.97
Frank Long,Leeds,1853,1857,4,2,95.2,915006,97657568.59
Nicole Owens,Bristol,1971,1978,7,3,143.7,615668,1838058.44
Michael Ingram,Leeds,1897,1906,7,2,160.3,806636,20227341.65
Donald Stevenson,Birmingham,1982,1988,4,3,123.5,793399,1762499.3
Melinda Martin,London,1993,2003,2,1,86.1,775307,1105500.87
Jonathan Anderson,London,1915,1915,4,1,158.7,382467,7350660.57
Catherine Combs,London,1986,1987,7,3,116.9,916563,2097153.88
George Bender,Cardiff,1994,1995,2,1,56.2,77782,140534.66
Matthew Lang,Leicester,1978,1988,2,2,181.5,237378,527469.43
Rachel Schneider,Bradford,1856,1858,5,1,86.9,500134,51824057.63
Joanna Walker,Cardiff,1943,1952,10,2,187.0,806578,5192895.66
Laurie Walsh,Birmingham,1944,1949,6,1,55.4,550227,3870843.12
Mrs. Emily Thompson,Liverpool,1855,1857,7,3,32.5,224873,24000459.76
Darryl Wright,Oxford,1975,1982,5,3,55.3,235302,624168.89
Clarence Simpson,Cambridge,1967,1971,6,2,32.0,883176,3242583.18
Charles Jimenez,Cardiff,2002,2010,9,3,110.4,859998,997098.73
Kim Green,Bradford,1992,2001,4,2,156.4,756036,1143726.98
Jennifer Hickman,Cardiff,1863,1866,7,3,188.1,671288,54910706.44
Eric Miller,Cardiff,1951,1958,8,1,128.8,174985,943604.63
Terry Hunter,London,1996,2003,3,2,103.0,788484,1124293.11
Ray Morales,Cardiff,1862,1863,5,2,68.8,599656,53599520.84
Jim Harris,Leicester,1916,1924,10,2,169.7,158894,2340613.15
Chad Smith,Oxford,1938,1945,6,1,144.6,444703,3521242.71
Samantha Carlson,Bradford,1984,1989,1,1,137.2,352565,760485.64
Teresa Jordan,London,1895,1900,8,2,156.8,586005,17546327.68
Jennifer Valdez,Cardiff,1938,1939,3,2,104.3,558345,5278865.58
Erik Smith,Liverpool,1946,1948,2,2,158.6,167144,1211272.53
Amanda Bryant,Bradford,1925,1929,9,2,167.4,715822,9095259.89
Adam Walls,Manchester,1853,1853,6,1,192.8,669962,80478841.66
Karen Gonzalez,York,1852,1853,10,3,41.2,727891,87437357.98
Nicole Gilmore,Bristol,1857,1864,6,3,47.7,627195,54428199.29
Daniel Rivera,London,1882,1885,7,2,133.3,600877,28030251.05
Amanda Campbell,Birmingham,1864,1869,8,3,62.6,167549,12542357.83
Benjamin Guerrero,Cambridge,1971,1977,9,1,92.7,927321,2851415.18
Stanley Smith,Bradford,1856,1860,8,1,193.7,531352,51898397.49
Douglas Griffin,York,1885,1894,9,3,92.0,272796,9753208.84
Melissa Davis DDS,Bristol,1920,1927,8,1,195.7,50149,676193.64
Howard Montgomery,London,1858,1861,7,1,31.6,289165,27420723.14
Matthew Cook,Birmingham,1957,1966,3,1,131.1,294942,1255475.79
Scott Gordon,Cambridge,1988,1988,1,1,153.0,828354,1840161.46
Rebecca Watts,Oxford,1945,1951,9,1,175.8,767984,5092725.87
Mark Lee,Oxford,1921,1922,10,3,186.2,332878,5201918.17
Scott Alvarez,Bristol,2002,2004,4,2,173.2,816296,1130129.84
Charles Palmer,Bradford,1955,1963,7,2,31.1,824863,3836380.28
Janet Taylor,Manchester,1915,1917,3,1,155.8,934593,16930693.58
Samantha Aguilar,Bradford,1995,2001,3,3,47.9,187002,282912.76
Christopher Hanson,Leeds,1923,1931,7,2,69.4,866616,10379029.81
Margaret Alexander,Liverpool,1988,1994,6,2,183.1,123348,229664.27
Deanna Aguilar,Birmingham,2013,2018,4,3,65.5,862631,789506.78
Mary Wilson,Birmingham,1959,1967,6,3,147.4,139552,576829.15
Sherri Watkins,Liverpool,1964,1973,1,1,60.3,916468,3171681.15
Joseph Donovan,London,1941,1946,6,3,66.5,826805,6355901.57
Stephen Thompson,Manchester,1946,1947,1,1,147.9,418247,3121645.54
Natalie Mcgee,Manchester,1910,1915,1,1,110.5,152594,2932760.41
Edward Juarez,Leicester,1980,1987,1,1,93.2,508301,1163041.44
Michelle Singh,Oxford,1998,1998,10,3,123.4,800041,1322484.08
Michael Dixon,Manchester,2000,2004,1,1,118.6,916364,1268590.54
Jessica Norris,Liverpool,1930,1934,1,1,152.3,287198,3147879.08
Tyler Taylor,Leeds,1899,1903,10,3,176.4,351607,9634631.35
Michael Gonzalez,Cardiff,2009,2013,10,2,156.7,216659,230033.88
Donald Mitchell,Liverpool,1915,1920,3,3,118.1,490303,8128449.57
James Moore,Birmingham,1960,1961,5,3,174.4,50295,248343.1
Jeffery Sanders,Bradford,1996,2004,7,3,160.4,681542,943594.0
Darin Franklin,Leeds,1922,1925,9,3,176.1,915942,13098599.34
Melissa Mullins,Bristol,1992,1999,4,1,130.2,659125,1057837.34
Mary Beltran,Liverpool,1887,1889,7,2,168.9,951592,39440572.97
Andrew Wiley,London,1918,1920,2,1,56.1,556029,9218002.02
John Adams MD,Birmingham,1968,1974,1,1,108.7,861275,2893906.12
Steven Gonzalez,Liverpool,1991,1993,10,1,145.7,56984,109347.95
Alex Barnett,London,2005,2005,8,1,64.6,938172,1260902.98
Mr. Robert Lozano DVM,Leeds,2014,2023,6,2,196.4,281924,222769.73
Renee Davis,Oxford,1985,1985,3,2,135.3,807228,1959502.16
Kevin Smith,London,1958,1961,7,1,159.6,97672,482089.48
Linda Beasley,Cardiff,1961,1965,4,1,140.8,244350,1071364.43
Jason Lane,Bristol,1954,1959,8,2,33.6,952410,4985556.16
Olivia Williams,Birmingham,1858,1865,3,2,198.4,643251,54195819.71
Nancy Perez,Leicester,1963,1971,3,3,133.0,858383,3151657.78
Elizabeth Barber,London,1971,1978,9,3,51.4,193541,577833.94
