City,Contruction_year,Acquisition_year,Number_of_rooms,Number_of_bathrooms,Surface_sqm,Initial_price_EUR,Current_price_EUR
York,1854,1859,5,3,76.5,607848,61150869.81
Leeds,1906,1906,8,2,146.4,252608,6334540.17
Bristol,1939,1946,3,3,45.0,246013,1891201.84
Bradford,1980,1990,3,2,178.6,786594,1647137.84
Manchester,1853,1853,6,1,192.8,669962,80478841.66
London,1895,1900,8,2,156.8,586005,17546327.68
Leeds,1933,1937,6,1,113.9,757139,7594277.04
Liverpool,1868,1870,5,1,156.5,831748,60449194.09
Liverpool,1877,1880,3,1,129.9,481504,26039200.92
Oxford,1991,1992,3,2,184.4,145425,287195.93
Birmingham,1987,1988,6,3,144.3,152817,339599.59
Oxford,1975,1982,5,3,55.3,235302,624168.89
Cambridge,1980,1980,5,1,75.0,808117,2274006.71
London,1885,1890,5,3,59.7,241012,9698279.33
Liverpool,1918,1922,5,1,70.9,846819,13232896.6
Leeds,1951,1957,10,2,45.4,823186,4571538.41
York,2000,2007,4,3,150.1,494540,626625.35
York,1924,1934,4,1,126.1,680878,7462631.11
Leicester,1987,1995,1,1,121.9,75150,135853.01
Leeds,1877,1885,2,1,130.1,554194,25852548.83
Bradford,1925,1929,9,2,167.4,715822,9095259.89
Leeds,1868,1878,9,2,189.9,181944,10438687.65
Birmingham,1853,1858,2,2,67.5,297059,30781369.86
Liverpool,1855,1857,7,3,32.5,224873,24000459.76
Leeds,1955,1955,1,1,173.8,613914,3617111.99
Cambridge,1969,1978,4,3,173.8,153375,458040.37
Leicester,1984,1992,1,1,194.6,891035,1758739.04
Oxford,1946,1949,5,1,104.9,297442,2092586.11
Cardiff,1988,1988,7,2,166.8,107515,239000.43
Liverpool,2002,2011,9,2,83.9,631734,711121.18
Oxford,1936,1943,9,1,188.6,131984,1108871.29
Cambridge,1987,1989,10,2,195.7,101023,218081.4
Birmingham,1959,1960,8,3,156.2,174993,889521.14
Oxford,1869,1872,9,1,68.1,248245,17006152.39
Leeds,1880,1890,6,3,69.7,364777,14678549.83
Cambridge,2009,2018,10,1,178.2,441736,404452.54
Birmingham,1936,1936,10,3,165.2,304302,3143925.99
Cambridge,1926,1928,9,3,197.0,387072,5065803.21
Leeds,1986,1987,3,1,50.5,462023,1057129.98
London,1884,1891,4,1,190.6,405218,15831070.69
Liverpool,1955,1958,2,1,155.6,224278,1209393.98
Leeds,1952,1955,10,1,166.2,706801,4164373.97
Cambridge,1982,1982,6,2,114.1,292632,776290.86
Oxford,1929,1939,5,2,107.3,340482,3219141.27
Liverpool,1863,1870,7,2,195.3,848797,61688322.33
Liverpool,1986,1995,8,1,146.6,553745,1000278.59
London,1918,1928,2,2,66.5,200075,2618440.85
Cardiff,1928,1931,1,1,128.1,983826,11782832.27
London,1864,1869,8,1,189.6,112626,8431086.96
Cardiff,1902,1903,10,3,148.4,147745,4048559.21
London,1913,1923,2,1,175.1,138936,2108019.67
Manchester,1900,1904,3,3,154.9,928107,24690674.33
London,1917,1921,1,1,49.1,613409,9873050.92
Manchester,1930,1933,2,1,61.5,757379,8550049.85
Leeds,1858,1860,7,2,149.7,706782,69032941.15
Bristol,1866,1867,3,3,128.4,752848,59788482.83
Bradford,1865,1868,2,2,174.2,212270,16366858.41
London,2014,2023,7,3,45.6,237091,187226.69
Cardiff,1960,1963,4,1,43.6,595514,2769724.78
Birmingham,2009,2012,1,1,82.9,877344,958779.77
Bristol,1995,1995,3,2,99.8,839358,1516084.73
Bristol,1997,2003,2,1,159.3,633397,903227.79
Bristol,1861,1869,1,1,146.5,837401,62685824.5
Leeds,1957,1967,9,1,139.5,275764,1139693.69
Cardiff,1863,1866,7,3,188.1,671288,54910706.44
Bristol,2012,2015,9,2,150.7,554769,554941.25
Leeds,1901,1902,5,3,181.3,163571,4616681.1
Leicester,1988,1996,9,1,148.5,247461,434084.75
Cardiff,1861,1871,2,1,137.5,95745,6755936.6
Cardiff,1872,1874,8,3,58.9,400699,25874268.71
Bristol,1949,1951,10,2,129.1,463724,3075117.97
Manchester,1883,1885,1,1,166.7,137177,6399283.36
York,1936,1945,5,1,94.7,645455,5110705.71
Bradford,1864,1864,6,3,113.7,147385,12790237.23
Bradford,2004,2006,1,1,138.7,533541,696282.75
Oxford,1894,1894,7,2,101.5,101749,3637871.34
Oxford,1936,1939,6,3,68.5,756026,7147776.73
Leicester,1951,1952,6,1,166.3,926563,5965314.29
Leeds,1911,1914,6,3,32.9,895474,17726127.46
Cardiff,1950,1958,3,2,53.3,166962,900262.48
Cardiff,1912,1917,8,3,51.6,184938,3350298.58
Bradford,1988,1992,5,1,53.8,368581,727486.58
Leeds,1991,1992,4,2,65.4,680111,1342330.15
Manchester,2006,2014,2,1,167.2,309740,319207.35
Bradford,1949,1954,9,3,154.5,660804,4010157.98
Leeds,1989,1994,1,1,116.4,529086,984366.65
Leicester,1934,1943,4,1,39.5,479867,4030946.01
Liverpool,1965,1969,9,2,88.3,151325,589518.61
Leicester,1885,1889,4,1,119.6,482827,20011737.24
Cardiff,1937,1947,1,1,186.7,892263,6659428.15
London,1995,2004,7,2,63.8,709530,982230.84
Cardiff,1946,1951,4,1,170.6,851964,5649600.29
York,1867,1875,5,3,97.7,122764,7696418.99
Oxford,1864,1867,3,1,101.2,951016,75526215.33
York,1887,1888,6,3,76.9,258782,11047525.52
Oxford,1992,1996,5,2,198.4,986910,1730756.81
London,1932,1935,5,2,63.8,593712,6317704.03
Cambridge,1969,1975,10,3,55.4,73513,239868.27
Leeds,1933,1941,1,1,117.5,427802,3812509.94
Cardiff,1877,1884,1,1,112.1,278327,13373195.12
Bristol,1971,1978,7,3,143.7,615668,1838058.44
London,1907,1908,9,1,80.4,540108,12766348.82
Birmingham,1989,1998,1,1,68.1,462825,765046.26
Liverpool,1991,1993,10,1,145.7,56984,109347.95
Bradford,1895,1903,10,3,126.6,347259,9515459.42
Liverpool,1979,1985,1,1,161.7,474725,1152441.32
Cardiff,1954,1958,5,2,76.2,480978,2593353.68
Leeds,1881,1882,5,1,167.4,165749,8449118.32
Liverpool,1871,1871,4,1,117.9,923536,65165090.0
Cambridge,1976,1984,3,1,50.4,169641,424173.29
Cardiff,1917,1919,6,3,51.5,721736,12324076.25
Birmingham,1972,1974,5,1,59.9,863894,2902657.47
Birmingham,1902,1905,2,1,192.7,796500,20572385.09
Leicester,1875,1876,2,2,194.9,326986,19902500.05
Birmingham,1858,1865,3,2,198.4,643251,54195819.71
Cardiff,1958,1961,8,2,46.7,208755,1030079.4
Cambridge,1974,1979,9,1,45.7,935626,2711759.03
Manchester,1956,1959,9,2,144.6,564103,2953029.72
York,1953,1953,3,1,185.9,853119,5332528.08
Manchester,1921,1925,10,3,140.9,379132,5421919.66
York,1940,1949,3,3,106.0,375780,2643687.39
London,1993,2003,2,1,86.1,775307,1105500.87
Cambridge,1916,1925,7,3,104.6,759488,10861144.43
Cardiff,1965,1973,6,3,187.4,445229,1540997.58
York,1937,1940,2,2,64.3,883060,8105612.84
York,1961,1961,6,3,174.7,114758,566422.49
Bradford,1905,1912,2,1,168.1,618217,12983180.87
Oxford,1852,1860,3,3,49.7,569537,55627843.79
Manchester,1982,1982,5,2,135.3,907588,2407381.85
Leeds,1860,1863,5,2,104.4,471525,42146747.44
Cardiff,1970,1971,5,3,79.3,140247,515000.5
Manchester,1973,1974,4,2,83.1,363411,1221120.59
Birmingham,1914,1914,9,2,43.4,844196,16711086.54
Bradford,1861,1862,1,1,46.4,633912,58361261.79
London,1995,1998,2,1,34.9,684849,1131994.73
Bradford,1937,1946,2,2,89.4,504803,3880618.81
Birmingham,1887,1890,6,2,194.7,208835,8403629.71
Cambridge,1911,1921,6,1,108.0,244935,3942422.74
Cardiff,1993,1996,1,1,112.0,648164,1136667.5
Bristol,1907,1915,5,1,194.8,892915,17160804.48
Leicester,1955,1962,6,3,47.5,627420,3005653.61
Cambridge,1954,1962,3,3,31.6,306593,1468750.07
Birmingham,1972,1973,6,2,147.5,730651,2528720.43
Cambridge,1875,1885,5,3,44.1,305482,14250378.82
Bristol,1880,1880,7,1,154.6,887645,48002748.48
Oxford,1897,1907,5,3,155.4,790843,19253706.33
Cambridge,1854,1863,3,2,62.0,926561,82819479.08
Birmingham,1913,1922,5,2,95.1,386356,6037508.41
Liverpool,1908,1908,1,1,177.5,270042,6383026.41
Leicester,1980,1982,3,2,168.7,786022,2084966.18
Manchester,1868,1868,1,1,117.1,603441,46527312.21
Liverpool,1975,1978,6,2,95.5,552216,1648601.84
Birmingham,1919,1921,10,3,157.5,941379,15151948.18
Birmingham,1864,1865,7,1,109.8,154255,12996522.99
Oxford,1951,1959,5,3,30.6,252543,1322008.27
Liverpool,1938,1941,4,1,120.6,887132,7905872.46
Bristol,2012,2019,6,1,185.4,332392,295532.21
Birmingham,2013,2018,4,3,65.5,862631,789506.78
Bradford,1952,1958,9,1,34.8,423581,2283858.83
York,1938,1940,6,2,120.7,981541,9009623.26
London,1937,1946,7,2,182.8,654356,5030369.33
Oxford,1897,1905,3,3,140.6,677853,17507884.27
Leicester,1975,1975,2,1,179.2,898557,2931304.53
Leicester,1970,1972,7,1,93.2,984406,3509031.18
Cambridge,1975,1985,6,2,127.3,558513,1355802.67
Leeds,1953,1961,5,1,96.0,668855,3300325.31
Oxford,1979,1985,3,3,116.7,158015,383669.19
Cambridge,2002,2002,9,1,84.5,351103,515709.57
Bristol,1972,1977,8,2,58.8,174734,537345.76
Leeds,1932,1941,4,1,99.6,502215,4475632.33
Leeds,2010,2011,5,2,183.9,239925,270235.14
Liverpool,1929,1934,7,3,152.3,708769,7768364.41
Cambridge,1949,1950,8,1,89.2,754748,5155025.26
York,1999,2000,1,1,62.7,314365,489844.15
Manchester,1859,1860,1,1,185.4,486670,47534197.57
Cardiff,1977,1984,8,3,139.6,364718,911989.81
Leicester,1864,1865,5,2,62.7,67587,5694452.53
Liverpool,1876,1877,1,1,115.0,965785,57071375.83
Cambridge,1988,1988,1,1,153.0,828354,1840161.46
Oxford,1940,1947,9,2,77.3,277663,2072384.49
Birmingham,1914,1915,10,1,152.9,610733,11737628.61
Manchester,1901,1903,7,3,127.9,129815,3557229.42
Birmingham,1967,1973,4,3,149.9,682696,2362758.59
Bradford,1893,1898,1,1,187.6,496609,15775214.38
London,1945,1950,6,1,199.9,445504,3042992.6
London,1894,1904,4,2,36.1,780450,20762426.59
Liverpool,1954,1962,8,3,172.9,179403,859610.55
Leicester,1978,1988,2,2,181.5,237378,527469.43
York,1981,1981,5,3,176.9,602340,1645727.09
Oxford,1896,1899,1,1,185.5,670096,20666120.65
London,1918,1920,2,1,56.1,556029,9218002.02
Cardiff,2012,2012,4,2,57.2,350338,382881.97
Birmingham,1944,1949,6,1,55.4,550227,3870843.12
Bradford,1951,1957,6,2,36.2,909313,5049822.39
Liverpool,1911,1918,6,1,63.5,261300,4595760.23
Leicester,1988,1992,6,1,139.6,484842,957026.46
Leicester,1876,1881,9,3,188.1,590660,31011912.58
Bradford,1895,1899,10,2,172.1,496998,15327736.36
Birmingham,1924,1932,9,2,100.3,337870,3928721.79
Liverpool,1902,1903,4,1,141.9,410009,11234886.05
Bradford,1976,1985,7,3,174.7,63425,154138.55
Oxford,1932,1936,4,2,148.5,937244,9682788.21
Cambridge,1913,1918,2,1,136.9,651151,11452429.19
Liverpool,1856,1866,4,3,178.7,278380,22771322.2
Manchester,1862,1865,3,1,192.5,292664,24657929.87
Manchester,1988,1988,8,2,144.9,391973,870854.96
Liverpool,1874,1878,2,1,66.1,187083,10733400.32
Oxford,1867,1867,7,1,64.9,350795,27858890.9
Oxford,1861,1871,3,1,114.3,811546,57263037.35
Bristol,1858,1861,9,3,170.6,269242,25531637.5
Birmingham,1913,1921,7,2,189.8,954874,15369197.91
Leeds,1967,1970,8,1,86.7,768141,2904907.42
Oxford,1895,1898,8,3,87.9,69161,2197041.97
Liverpool,1924,1933,6,1,114.4,708572,7999135.21
Bradford,1852,1860,4,3,105.2,221239,21608953.47
Leicester,1874,1882,8,1,45.3,73975,3770882.02
London,1984,1994,9,1,174.9,370389,689224.97
Cardiff,1866,1871,9,3,142.0,932015,65763402.37
Bradford,1867,1867,3,3,80.7,767577,60958164.62
Leicester,1912,1920,2,1,186.8,705428,11694882.62
Birmingham,1957,1966,3,1,131.1,294942,1255475.79
York,1970,1979,4,1,162.9,397139,1151185.64
Oxford,1943,1946,6,2,54.0,722336,5552820.69
Bradford,1856,1860,8,1,193.7,531352,51898397.49
Manchester,1924,1929,1,1,77.1,219583,2790062.21
Bristol,1994,1998,9,3,192.3,846243,1398929.52
Birmingham,1905,1906,5,2,164.4,823436,20648624.5
Manchester,1999,2006,1,1,84.7,963832,1257661.56
York,2007,2010,9,3,163.8,499712,579479.6
Bristol,1903,1913,3,1,171.5,135797,2768957.46
Leicester,1915,1920,10,1,194.0,79168,1312675.7
Cardiff,1973,1980,5,2,153.5,141855,399317.91
Bristol,1933,1943,7,3,49.6,366812,3081287.49
Birmingham,1960,1961,5,3,174.4,50295,248343.1
York,1970,1976,8,1,181.6,721432,2284988.41
London,1962,1964,4,1,36.9,994101,4488830.06
Bristol,1940,1942,8,2,148.2,154135,1333735.6
Liverpool,1885,1889,3,2,191.5,576433,23891458.9
Birmingham,1862,1865,4,2,138.7,744987,62767289.01
Birmingham,1987,1990,2,1,70.7,793249,1660958.31
Leeds,1905,1906,3,1,139.1,465978,11684990.83
Manchester,1947,1949,10,3,41.0,954001,6711336.72
Bristol,1889,1895,5,1,85.5,467265,16219319.59
Liverpool,1906,1910,9,2,71.5,154618,3444933.08
Bristol,1938,1939,2,2,35.0,773894,7316669.58
Leeds,1923,1923,6,1,38.2,207482,3147833.26
Cambridge,1930,1936,3,3,141.1,99292,1025935.96
Liverpool,1958,1967,4,2,145.5,325090,1343511.46
London,1895,1902,8,1,37.8,211919,5981090.06
Bradford,1960,1964,5,1,111.1,937349,4232640.95
Leeds,1970,1978,2,2,72.6,722612,2157234.93
Oxford,1885,1892,7,2,153.6,171682,6511998.43
Leeds,1877,1878,8,1,130.5,958898,55014011.08
Cardiff,1891,1896,4,1,192.0,905505,30515713.11
Cambridge,1965,1972,9,3,141.9,655806,2337788.95
York,1968,1971,8,3,178.3,401859,1475592.93
Leeds,1893,1896,9,3,125.3,752652,25364505.77
Liverpool,1870,1873,9,1,41.7,624041,41504936.05
Oxford,1928,1937,6,2,141.3,697955,7000675.39
Cambridge,1857,1858,4,1,88.4,677996,70254152.59
Leicester,1916,1924,10,2,169.7,158894,2340613.15
Liverpool,1988,1990,2,1,157.8,749943,1570384.12
Leicester,2010,2012,3,3,79.3,868901,949562.96
Bristol,1885,1891,6,2,121.6,605463,23654079.07
Birmingham,1958,1966,9,3,75.2,320840,1365651.51
Leeds,1976,1982,8,2,145.4,980334,2600334.42
Oxford,1892,1902,6,2,177.0,171097,4829099.42
Cardiff,1948,1952,6,1,34.6,783982,5047261.32
Birmingham,1861,1869,8,3,78.2,718402,53777809.86
London,1942,1942,6,2,54.9,682337,5903659.56
Oxford,1980,1987,4,3,181.5,605441,1385402.85
Bradford,1871,1876,9,1,153.3,175828,10702102.47
Bristol,1873,1875,10,3,42.6,844862,52966067.01
Leeds,1863,1864,1,1,140.5,181166,15721772.18
Cambridge,1973,1978,2,1,34.6,656323,1959311.91
Leeds,1851,1861,2,2,113.8,673506,63866762.98
London,1971,1978,9,3,51.4,193541,577833.94
London,1873,1878,4,2,91.1,493253,28299006.4
Bristol,2002,2009,7,3,173.9,183993,219876.3
Birmingham,1974,1977,9,3,192.2,902176,2774206.78
London,1956,1960,9,1,108.2,770798,3917442.48
Leicester,1985,1991,2,1,33.4,775826,1577131.33
Bradford,1967,1971,4,2,106.9,325732,1196020.38
Liverpool,1922,1926,9,2,91.6,970670,13476835.4
Manchester,1915,1917,3,1,155.8,934593,16930693.58
York,1905,1907,3,1,101.0,784987,19111081.96
Leeds,1892,1895,10,2,162.1,909040,31553848.36
Leicester,1893,1893,4,1,42.6,764800,28163727.46
Birmingham,1974,1984,10,3,57.6,321882,804817.02
Manchester,1978,1984,4,1,65.0,383556,958986.79
London,1915,1915,4,1,158.7,382467,7350660.57
Bristol,1884,1891,3,3,78.8,398313,15561193.11
Leicester,1963,1972,1,1,190.1,769102,2741670.92
York,1910,1913,7,3,41.7,401990,8196251.54
London,1951,1956,9,3,62.1,430659,2463458.47
London,1887,1892,7,1,151.4,885586,33590111.92
Bradford,1899,1900,10,1,74.8,316727,9483539.25
Leeds,1906,1913,8,1,132.5,903822,18428209.98
Liverpool,1888,1889,1,1,117.2,728011,30173789.63
Bristol,1860,1866,4,2,57.1,598331,48942776.46
Cardiff,1953,1956,6,1,98.8,282126,1613868.8
Leicester,1857,1864,2,2,137.1,934494,81095760.55
London,1949,1952,7,2,142.1,956293,6156697.17
Liverpool,1915,1924,9,3,106.0,510808,7524068.77
Leeds,1882,1889,9,1,59.1,618159,25620746.17
Cambridge,1864,1874,4,2,109.9,669375,43223452.04
Cardiff,1903,1904,5,2,185.4,845179,22484567.01
Oxford,1934,1940,4,2,55.0,819008,7517667.48
Cambridge,1931,1934,7,2,157.4,76010,833249.8
Leicester,1918,1925,8,2,34.8,352387,5039351.47
Leicester,1899,1907,6,2,113.0,965541,23506786.43
Manchester,2009,2015,2,1,155.9,194331,194492.23
Cambridge,1917,1917,7,2,160.6,79244,1435721.28
Manchester,1983,1991,3,1,147.6,362086,736195.87
Bristol,1910,1914,5,3,82.2,440833,8726466.0
Cambridge,1940,1942,4,2,199.3,986541,8535782.83
Birmingham,1994,2001,10,2,164.6,174051,263445.0
Bristol,1997,2006,1,1,55.7,293909,383549.39
York,1926,1932,7,2,197.1,637048,7407547.32
Birmingham,1930,1930,8,2,55.6,922880,11384459.83
Bristol,2002,2004,4,2,173.2,816296,1130129.84
Cardiff,1996,2001,7,1,103.4,627767,949674.79
Cambridge,1964,1968,10,2,150.0,843742,3385181.83
Oxford,1935,1937,3,1,81.7,609528,6113695.02
Bradford,1993,2002,8,1,107.3,607818,892723.66
Manchester,1927,1927,4,3,177.5,607819,8193310.37
Manchester,1863,1868,10,3,117.5,875595,67511259.08
London,1959,1969,5,2,54.3,985490,3838585.62
Bradford,1994,2004,1,1,194.4,551558,763691.0
Bradford,2008,2015,4,1,52.1,271912,271971.79
York,1982,1986,2,1,199.5,689619,1625335.42
Liverpool,1930,1934,1,1,152.3,287198,3147879.08
Bradford,1950,1954,10,2,54.2,373588,2267138.46
Bradford,1996,2004,7,3,160.4,681542,943594.0
Cambridge,1955,1959,5,2,79.3,185474,970972.86
Liverpool,2013,2023,4,2,35.9,94992,75030.32
Leeds,1969,1970,6,3,75.2,457499,1730161.98
Cambridge,2003,2013,6,1,48.0,875447,928815.17
Oxford,1852,1858,10,1,136.2,128640,13329853.33
Leicester,1944,1952,7,3,171.3,289119,1861517.55
London,1894,1894,4,3,151.6,820509,29335254.8
Leicester,1960,1966,5,2,199.1,142551,606928.89
Birmingham,1959,1967,6,3,147.4,139552,576829.15
Cardiff,1951,1958,8,1,128.8,174985,943604.63
Cardiff,1964,1970,2,2,54.0,184344,697180.9
Bristol,1857,1864,6,3,47.7,627195,54428199.29
Oxford,1866,1869,10,1,104.5,711866,53288573.9
Birmingham,2013,2015,3,1,49.6,481748,481794.71
Cambridge,1941,1947,7,3,143.0,541392,4040724.75
Leicester,1992,2002,2,2,91.6,881349,1294396.28
Liverpool,1883,1890,9,3,100.6,401574,16159278.48
Manchester,1990,1995,9,1,168.0,222011,401164.82
Birmingham,1864,1869,8,3,62.6,167549,12542357.83
Bradford,1957,1965,10,2,70.5,751357,3293977.46
York,1852,1853,10,3,41.2,727891,87437357.98
Leeds,2001,2005,1,1,124.5,322862,434034.32
Birmingham,1884,1890,3,2,100.0,911620,36683276.58
Cardiff,1958,1959,8,2,115.6,846700,4432272.2
Bradford,1955,1963,7,2,31.1,824863,3836380.28
Bristol,1966,1969,2,1,120.7,318770,1241742.57
Manchester,1986,1995,1,1,167.7,229087,413934.1
Bradford,1995,2001,3,3,47.9,187002,282912.76
Bristol,1974,1982,1,1,73.7,312333,828488.53
York,1898,1904,8,2,169.1,406347,10810276.86
Manchester,1929,1936,3,1,152.9,697278,7203708.04
Bradford,1961,1961,2,2,58.3,290580,1433823.59
Bradford,1938,1940,9,2,75.6,480136,4407230.45
Cambridge,1851,1852,3,1,153.1,873268,108047762.88
Liverpool,1931,1941,7,2,184.5,388005,3457925.77
Liverpool,1988,1994,6,2,183.1,123348,229664.27
London,1890,1892,3,3,105.5,327717,12430292.78
London,1853,1863,4,2,156.9,800095,71515592.13
Leeds,1923,1931,7,2,69.4,866616,10379029.81
Oxford,1986,1993,2,2,63.2,538427,1031743.42
Cambridge,1883,1891,4,2,127.5,459360,17946196.59
Oxford,1872,1874,6,3,67.3,676596,43689675.66
York,1959,1959,2,2,185.9,98033,513348.06
Oxford,1985,1985,3,2,135.3,807228,1959502.16
Liverpool,1954,1957,8,1,153.8,711301,3950314.31
Cambridge,2007,2009,5,2,177.4,387220,462549.51
Liverpool,1987,1993,2,2,99.6,239780,459542.49
Oxford,1883,1886,9,1,164.3,883553,40016257.49
London,1967,1973,1,1,152.1,240531,832554.29
Oxford,1916,1921,7,1,56.7,235718,3794029.11
Oxford,1902,1906,10,3,46.6,80432,2016967.79
Liverpool,1889,1896,6,3,103.4,425825,14350418.4
Leeds,1932,1940,1,1,177.8,540838,4964497.48
Birmingham,2011,2019,5,1,48.6,509558,452795.76
York,1947,1951,2,2,173.7,656834,4355682.98
Leeds,1952,1961,5,2,63.9,142238,701902.07
York,1957,1958,5,3,145.8,718073,3871746.63
Manchester,1920,1927,7,2,31.2,822927,11092738.77
Cardiff,1943,1950,9,3,175.4,922652,6301893.68
Bradford,1984,1989,1,1,137.2,352565,760485.64
Cardiff,1957,1957,9,2,32.3,339420,1884994.85
Liverpool,1912,1912,8,3,129.0,881821,18519027.54
York,1983,1990,2,1,111.4,862300,1805578.88
York,1994,1997,3,2,41.4,305379,519935.37
Cardiff,1858,1859,2,2,72.1,448317,45101718.44
Cardiff,1882,1887,1,1,77.4,592704,26061767.53
Liverpool,1871,1876,6,3,159.4,771684,46969429.14
Birmingham,1889,1898,4,3,73.0,707842,22485014.07
Bristol,1941,1941,6,1,125.8,543216,4841045.3
York,1854,1863,8,2,31.7,96932,8664190.88
Oxford,1993,1997,10,3,127.9,439091,747678.17
London,1924,1925,9,3,61.6,239793,3429227.36
Liverpool,1879,1882,6,3,113.8,276925,14116177.05
Leicester,2007,2009,7,1,155.1,892596,1065980.28
York,1859,1865,8,2,35.1,692281,58326574.6
Birmingham,1876,1883,10,1,97.0,124143,6143893.39
Cardiff,1898,1906,10,1,152.2,969404,24308902.04
Bristol,1864,1868,1,1,155.2,821380,63331127.12
Liverpool,1962,1965,9,3,182.4,458727,2011214.98
Liverpool,1924,1930,1,1,166.2,881923,10879320.81
Bristol,1880,1883,6,1,178.9,545908,27016950.4
Cardiff,2013,2023,5,1,131.6,494321,390355.54
York,1881,1882,2,2,180.8,787894,40162485.08
Birmingham,1942,1944,8,2,90.7,413725,3374190.63
Liverpool,1900,1909,1,1,152.9,332390,7627864.46
Manchester,1954,1955,7,3,31.5,95189,560862.55
Bradford,1867,1867,2,2,166.2,322130,25582510.06
Cambridge,1987,1997,9,3,51.7,829807,1412756.22
Manchester,2013,2022,1,1,105.5,737501,599762.52
London,1891,1896,5,2,103.4,851758,28704338.57
Bradford,1856,1858,5,1,86.9,500134,51824057.63
Leeds,1965,1972,5,3,62.8,479449,1709081.4
Leicester,1923,1928,9,1,85.8,692141,9058117.34
Leicester,1965,1969,5,1,107.9,777754,3029498.13
Manchester,1927,1930,5,1,104.5,773150,9537461.09
Birmingham,1960,1961,9,2,70.6,821460,4053270.28
Cambridge,1980,1984,5,3,149.9,378960,947589.61
Bristol,1857,1858,7,2,127.4,100834,10448569.15
Liverpool,1851,1856,8,2,164.4,629029,69149742.95
Leicester,1954,1961,8,1,134.6,95883,473259.13
Oxford,1924,1931,5,2,85.9,310221,3715440.46
Bristol,1920,1927,8,1,195.7,50149,676193.64
Leicester,1978,1982,2,2,178.4,698941,1854006.12
Cardiff,1974,1977,10,3,64.6,143634,441721.39
Cambridge,1923,1927,6,2,145.6,805714,10860836.07
Leeds,1939,1943,8,2,156.3,658402,5530756.19
Bradford,1984,1986,8,3,81.5,966867,2278573.57
Liverpool,1909,1911,8,3,185.6,558176,12073955.25
Liverpool,1895,1895,1,1,147.8,815071,28292073.47
Leeds,1899,1905,9,3,68.6,134171,3465480.49
Leicester,1989,1990,1,1,92.0,627038,1312979.19
York,1984,1985,1,1,47.1,685233,1663283.69
London,1954,1957,1,1,189.2,167447,930092.6
Cardiff,1943,1952,10,2,187.0,806578,5192895.66
Cambridge,1967,1974,7,2,186.5,796898,2677702.77
Bradford,1935,1943,4,2,47.1,62172,522300.69
Oxford,1968,1968,1,1,103.3,615667,2470106.0
Birmingham,1917,1921,5,3,83.8,147281,2370630.21
Leicester,1968,1976,5,2,119.0,369047,1168917.65
London,1903,1909,8,3,84.9,686171,15746378.57
Liverpool,1951,1956,10,1,84.0,814469,4658871.53
York,1916,1923,5,2,198.2,665192,10092079.25
Cambridge,1855,1860,6,2,109.7,156786,15313718.79
Cardiff,2015,2016,3,2,45.0,404665,392929.28
Birmingham,1877,1884,10,1,184.0,272385,13087784.76
Bradford,1917,1922,2,2,95.0,327266,5114117.79
Leeds,1873,1882,1,1,99.2,552016,28138698.48
London,1958,1967,3,2,39.7,124477,514412.01
Bradford,1863,1871,9,3,47.0,862092,60829524.27
London,1916,1925,8,1,134.3,407559,5828432.02
Leeds,1948,1953,1,1,69.9,859188,5370344.23
Manchester,1918,1927,3,1,66.6,189073,2548697.62
Oxford,1888,1888,1,1,174.1,489069,20878604.32
Liverpool,1911,1921,5,3,175.1,413432,6654500.06
London,2014,2017,7,3,70.6,568717,536160.51
Liverpool,1964,1973,1,1,60.3,916468,3171681.15
Oxford,1859,1869,5,3,61.5,894548,66963613.22
Cardiff,1863,1872,1,1,114.3,960214,65779714.18
York,1901,1903,8,2,112.5,62258,1706070.36
Manchester,1968,1975,7,3,75.9,843925,2752995.22
Leeds,1892,1899,6,1,190.9,51377,1584674.84
Manchester,1986,1995,5,3,168.1,950305,1716535.07
Leeds,1857,1861,6,1,198.4,825178,78249463.13
Oxford,1986,1993,10,3,69.9,543652,1041783.25
London,1997,2003,8,3,149.2,983212,1401988.47
York,2007,2012,1,1,110.1,764558,835570.47
Manchester,1893,1897,1,1,82.0,368824,12067435.5
Leicester,1919,1928,10,3,140.0,93890,1228889.9
Cardiff,2009,2013,10,2,156.7,216659,230033.88
Cardiff,1869,1871,4,2,177.9,757949,53481279.35
Birmingham,2001,2001,2,1,42.2,787857,1191748.78
York,1967,1973,10,3,31.8,51607,178642.35
Bradford,1929,1931,5,3,58.8,152740,1829352.09
Liverpool,1975,1977,6,3,80.5,833431,2562705.68
Cardiff,1963,1967,7,2,122.7,52063,215279.47
Liverpool,1872,1875,6,1,33.5,195277,12242322.69
London,1907,1915,10,2,135.2,956124,18375541.77
Bristol,1868,1869,7,1,171.1,800900,59953484.99
Bradford,1967,1976,1,1,84.7,916810,2903656.7
Oxford,1902,1912,4,2,194.7,502515,10553386.86
Manchester,1944,1954,8,1,59.8,933749,5666397.79
Manchester,1905,1915,3,1,84.3,945970,18180340.79
Bristol,1932,1934,8,3,117.7,783265,8584807.65
Cambridge,1956,1957,3,1,176.3,298090,1655589.7
York,1987,1991,2,1,51.0,134282,273016.53
York,1887,1888,1,1,76.9,696765,29745071.79
Bradford,1854,1858,7,3,197.3,232418,24083396.24
London,1882,1885,7,2,133.3,600877,28030251.05
Leicester,1974,1984,1,1,108.8,922793,2307160.55
London,2014,2021,3,3,184.6,528046,442421.15
Leicester,2002,2007,5,2,74.5,933495,1182603.7
London,1910,1910,6,1,69.6,557364,12417969.08
Bristol,1909,1918,4,1,61.1,155996,2743686.79
Liverpool,1887,1889,7,2,168.9,951592,39440572.97
London,1986,1987,7,3,116.9,916563,2097153.88
Oxford,1861,1868,4,1,31.7,956402,73741635.86
Oxford,1880,1887,5,2,155.7,998158,43890006.24
Leeds,2012,2020,3,1,168.2,241153,208194.37
Bradford,1961,1966,5,1,35.4,604794,2574185.29
Cambridge,1996,2005,10,2,118.1,53547,72101.52
Leicester,1852,1858,9,3,84.2,733679,76024042.85
Liverpool,1880,1882,3,2,92.8,684967,34915781.82
York,1885,1894,9,3,92.0,272796,9753208.84
Bradford,2013,2021,7,1,84.8,868952,727826.57
Birmingham,1892,1899,9,2,167.9,103398,3188999.83
Cardiff,1960,1960,6,1,120.2,148118,752886.95
Bradford,1924,1924,9,3,43.7,808849,11913993.36
Bristol,2011,2021,6,3,42.2,90594,75929.06
Liverpool,1910,1915,4,2,109.3,892806,17158620.93
Manchester,2005,2005,6,2,104.8,79845,107430.77
Bradford,1921,1930,6,1,44.1,329045,4059058.42
Leeds,1934,1942,6,2,31.4,864509,7479797.38
Birmingham,1929,1929,3,1,156.5,161687,2054522.0
Leicester,1895,1895,3,2,62.4,388312,13478755.49
Leicester,1947,1948,1,1,185.5,838883,6078675.95
Birmingham,1891,1898,3,2,136.2,439629,13965167.37
Leeds,1886,1889,3,1,132.2,143313,5939993.2
Oxford,1938,1945,6,1,144.6,444703,3521242.71
York,1861,1870,2,2,58.2,439231,31922094.6
Bradford,1912,1915,10,2,166.7,270082,5190790.67
Oxford,1950,1959,3,2,149.9,246138,1288593.42
London,1891,1901,5,3,91.3,757176,22011131.05
York,1863,1865,8,2,125.0,805092,67831287.79
Liverpool,1858,1863,5,1,45.9,273909,24483048.86
London,1948,1953,5,1,117.8,973418,6084385.97
Liverpool,1863,1865,5,3,174.0,657867,55427246.46
Leeds,1999,2004,6,2,45.4,832556,1152517.63
Leicester,1916,1926,4,1,190.1,55236,767090.95
York,2000,2001,4,1,45.9,621804,940588.27
York,1876,1880,9,2,139.4,99159,5362536.87
London,1878,1885,1,1,112.9,795414,37105115.43
Cardiff,2008,2010,6,3,55.6,830728,963102.22
Bristol,1949,1959,8,2,81.5,639933,3349892.13
Cardiff,1885,1887,4,1,118.5,956302,42049526.31
Liverpool,1864,1872,2,1,118.1,100282,6869958.18
Bristol,1945,1946,4,2,43.8,51398,395154.75
Bristol,1932,1936,4,2,80.3,396800,4099418.07
Liverpool,1926,1927,7,2,31.4,464844,6265929.36
Cardiff,1994,1995,2,1,56.2,77782,140534.66
Liverpool,1920,1925,4,3,118.8,874354,12503804.0
Manchester,1905,1910,7,2,108.4,207486,4622850.01
Bristol,1882,1889,2,2,169.6,771317,31968742.84
Liverpool,1981,1989,8,1,194.3,619588,1336415.46
Leeds,1892,1894,3,3,95.7,423849,15153682.24
Leicester,1883,1891,6,3,121.5,417042,16292938.99
York,1991,2001,1,1,61.6,463338,700896.92
Oxford,1991,1991,4,1,129.9,112197,228216.9
York,1919,1921,8,3,38.5,719305,11577492.8
Cardiff,1936,1940,4,3,182.4,871131,7996229.26
Leicester,1938,1946,1,1,64.6,96710,743491.32
Liverpool,1987,1992,1,1,99.8,170344,336289.66
Liverpool,2010,2012,9,3,199.6,370875,405481.01
London,1865,1866,3,1,73.8,679215,55558994.28
Leeds,2004,2013,9,2,119.1,640190,679313.26
Liverpool,1940,1944,7,3,83.8,52706,429933.56
Cardiff,1885,1891,2,1,94.5,984358,38456529.16
Oxford,1905,1906,6,2,119.5,389145,9758312.52
Leeds,1897,1903,2,1,163.4,712670,19528156.91
Birmingham,1906,1908,10,3,54.7,269383,6367338.08
Oxford,1960,1967,9,2,51.7,184670,763164.77
York,1937,1945,10,1,189.0,264934,2097909.49
Bristol,1932,1941,9,3,144.2,180214,1606162.66
Cardiff,1947,1947,6,3,69.7,328887,2454667.92
Cardiff,1878,1888,4,1,121.4,813157,34713915.9
Oxford,1954,1954,8,3,143.6,529165,3211321.28
Cambridge,1935,1941,5,3,184.3,724093,6453002.04
York,1994,1995,6,2,114.7,338781,611994.05
Leeds,1877,1887,4,3,154.3,871929,38339607.66
Birmingham,1998,2003,8,2,183.1,104201,148759.02
Manchester,1895,1900,4,2,137.5,889718,26640091.15
Birmingham,1914,1923,5,3,145.7,350181,5312884.61
Cardiff,1978,1981,2,2,151.4,855014,2335974.83
Birmingham,1885,1895,9,1,152.7,682494,23690217.0
Leicester,1980,1987,1,1,93.2,508301,1163041.44
York,1893,1896,8,1,34.7,178058,6000609.05
York,1956,1966,7,2,122.0,191147,813701.68
Oxford,1945,1951,9,1,175.8,767984,5092725.87
Leicester,1920,1928,7,1,131.2,858070,11229663.85
Oxford,1850,1852,8,2,153.6,720571,89154906.42
Liverpool,1912,1920,6,1,172.3,506870,8403165.26
Liverpool,1892,1902,3,2,127.5,122476,3456790.67
Leicester,1969,1974,8,1,110.3,158670,533236.31
Cardiff,1868,1874,7,2,32.8,307000,19823860.79
Manchester,1986,1991,6,2,174.3,700978,1425121.69
Bristol,2012,2013,3,3,180.3,494754,525079.31
Liverpool,1877,1887,3,2,150.1,805228,35406701.93
London,1880,1887,8,3,83.6,489543,21525708.44
London,1891,1900,6,3,105.8,956853,28650206.76
Birmingham,2011,2019,1,1,131.6,102667,91359.23
London,1906,1915,5,2,185.5,667380,12826326.99
London,1924,1934,5,3,167.2,118829,1302549.65
Oxford,1962,1969,8,3,65.5,701512,2732507.56
Liverpool,1923,1931,6,1,127.9,949212,11368304.44
Cardiff,1858,1867,9,3,43.0,710885,56455856.93
Cambridge,1936,1945,10,3,126.7,347404,2750827.26
Leicester,1937,1937,4,1,177.4,966185,9691074.01
Oxford,1912,1914,7,1,143.1,78902,1562042.57
Cardiff,1988,1996,4,1,157.2,455060,798110.84
Oxford,1895,1898,8,3,142.8,770486,24475008.37
Cambridge,1975,1975,2,1,34.0,870202,2838665.02
Bristol,1954,1959,8,2,33.6,952410,4985556.16
Liverpool,1977,1985,8,1,128.0,561221,1362378.09
London,1945,1953,5,3,155.7,503222,3145504.9
York,1949,1950,10,3,97.2,972631,6643173.77
Cardiff,2002,2008,6,2,96.5,333933,410802.01
Cardiff,1871,1878,4,3,101.7,251408,14423882.07
Liverpool,1944,1954,9,2,147.3,738007,4478656.28
Manchester,1871,1879,10,1,148.7,379674,21148362.34
Bristol,1961,1963,9,1,131.3,584617,2719135.32
Cardiff,1999,2006,6,1,149.2,437611,571142.43
Cambridge,1870,1872,4,2,187.9,727922,49866601.22
London,1952,1956,7,3,122.4,296936,1698607.32
York,1860,1862,7,1,113.3,341680,31456953.68
Liverpool,1967,1976,1,1,123.5,116487,369049.88
Manchester,1878,1882,8,3,35.3,688675,35104752.09
York,1909,1918,4,2,31.9,725002,12751201.05
Cambridge,1978,1981,5,1,132.6,774916,2117140.99
Cardiff,2002,2010,9,3,110.4,859998,997098.73
Liverpool,1915,1920,3,3,118.1,490303,8128449.57
Bristol,1878,1881,4,1,113.8,833986,43787284.15
Leeds,1986,1992,5,1,69.0,214571,423558.31
Oxford,1869,1872,5,2,199.6,513667,35189044.95
Leicester,1964,1968,5,3,49.8,918154,3683598.3
London,1913,1921,10,3,140.8,252785,4068802.03
Liverpool,2007,2014,1,1,94.4,353531,364238.57
Cardiff,1928,1932,4,3,80.2,862656,10030699.79
Birmingham,1992,1997,3,1,139.6,724113,1232890.21
Manchester,1896,1906,10,1,175.6,677524,16989762.46
Liverpool,1873,1875,8,3,109.9,395986,24825239.49
London,1986,1991,4,3,144.8,205871,418651.62
London,1900,1903,10,1,80.9,971454,26619082.65
Manchester,1915,1922,6,2,63.3,202900,3170697.55
Liverpool,1885,1889,1,1,164.0,274028,11357737.17
Leicester,1941,1951,3,1,89.3,586102,3886577.17
London,1877,1885,10,1,63.8,182612,8518692.84
Leicester,1888,1891,3,2,149.3,229983,8985028.01
Bristol,1920,1922,9,2,157.8,773189,12082422.0
Cambridge,1925,1927,6,2,155.9,947220,12768283.45
Leeds,1852,1856,5,2,159.9,359170,39483955.79
Cardiff,1982,1984,1,1,144.5,341434,853756.99
Liverpool,1916,1917,7,3,70.4,410337,7433496.42
Bristol,1996,1997,4,3,195.6,655309,1115830.1
Leeds,2014,2023,6,2,196.4,281924,222769.73
Birmingham,1903,1913,1,1,86.6,487162,9932860.14
Cardiff,1982,1985,5,3,44.6,495903,1203733.98
Leicester,1910,1920,2,1,41.2,761913,12631155.77
Leeds,1899,1903,10,3,176.4,351607,9634631.35
York,1952,1960,4,1,36.6,787643,4002965.14
Bradford,1927,1930,9,1,139.9,938427,11576320.33
York,1972,1981,8,1,159.0,791527,2162557.48
Oxford,1914,1922,8,2,157.2,849069,13268157.16
Cardiff,1874,1884,7,1,58.5,384532,18476119.6
Leeds,2014,2020,5,2,150.5,808667,697720.89
Liverpool,1915,1915,5,1,193.8,602426,11578016.61
Birmingham,1964,1964,8,3,127.7,326724,1475446.27
Cardiff,1999,2004,4,2,53.7,740300,1024813.61
Oxford,1854,1856,4,2,133.1,970666,106706072.32
Bristol,2011,2012,4,2,82.1,380672,416062.44
Bristol,1955,1955,2,1,144.4,385930,2273902.39
Leicester,1930,1940,9,2,55.5,146243,1342418.8
Oxford,1909,1910,10,2,194.5,468918,10447548.59
Cardiff,1981,1982,6,1,63.9,648573,1720300.6
Bradford,1985,1993,9,2,190.1,102908,197384.94
Birmingham,2015,2022,9,3,119.8,139156,113274.68
Bradford,2004,2013,5,3,37.9,129776,137734.75
Leicester,1898,1908,10,2,124.3,922049,21794140.96
Cardiff,1861,1868,3,2,69.0,232528,17928702.62
Cardiff,1928,1932,7,1,128.7,716833,8335184.96
York,1944,1954,1,1,125.6,657077,3987494.7
York,1890,1899,9,1,161.5,785133,24213889.98
Cardiff,1893,1901,3,3,45.7,877757,25516366.92
Cambridge,1971,1977,9,1,92.7,927321,2851415.18
London,1954,1956,8,2,115.9,426394,2439108.4
Cardiff,1882,1882,7,2,63.5,609366,31062051.71
London,1856,1858,4,2,122.6,919082,95235554.5
Oxford,1883,1889,3,3,192.1,444044,18404379.06
Oxford,1883,1883,4,3,111.6,364724,18050159.29
Leicester,1878,1888,6,2,163.0,427689,18258283.68
Liverpool,1953,1954,9,1,158.7,84975,515834.91
Liverpool,1890,1891,8,1,173.6,975307,38103011.86
Manchester,1931,1937,4,1,184.7,552614,5542944.11
Manchester,1930,1936,9,3,162.8,439763,4543356.52
Leeds,1907,1913,10,3,97.8,103626,2112945.4
Leicester,1883,1887,6,3,91.9,230705,10144387.22
Oxford,1912,1919,10,2,83.0,472628,8070463.79
Leicester,2006,2007,4,3,65.6,610078,772901.69
Leeds,1935,1935,2,2,174.3,136630,1454034.03
Liverpool,1945,1950,8,3,63.6,992701,6780210.05
Leicester,1954,1963,1,1,30.9,185430,862449.66
Liverpool,1962,1971,2,2,83.6,137682,505571.3
Bristol,1959,1969,1,1,35.3,826552,3219487.76
Oxford,1923,1929,8,3,113.2,299598,3806762.25
Bradford,2000,2003,4,2,192.4,765684,1091881.79
Cambridge,1938,1943,2,2,52.7,728514,6119587.14
Leicester,1996,2004,6,3,47.9,956348,1323868.9
Oxford,2010,2015,1,1,188.6,122431,122621.07
Cambridge,1859,1864,4,3,90.5,950133,82452878.96
Cambridge,1855,1859,7,3,115.5,500699,50371506.74
Cardiff,1919,1923,4,1,190.3,600614,9112327.4
Oxford,1863,1865,6,2,60.9,891929,75147469.18
Oxford,1872,1873,3,1,187.8,706946,47019053.87
